method,seed,iteration,optimizer_calls,objective,equality_rms,inequality_violation,net_electric_power_mw,coe_usd_mwh
Random search,0,0,1,2.575429603828175,0.2930929414147329,0.37816491450585676,551.7377814243125,312.7167385252488
Random search,0,1,2,2.575429603828175,0.2930929414147329,0.37816491450585676,551.7377814243125,312.7167385252488
Random search,0,2,3,2.575429603828175,0.2930929414147329,0.37816491450585676,551.7377814243125,312.7167385252488
Random search,0,3,4,2.575429603828175,0.2930929414147329,0.37816491450585676,551.7377814243125,312.7167385252488
Random search,0,4,5,2.575429603828175,0.2930929414147329,0.37816491450585676,551.7377814243125,312.7167385252488
Random search,0,5,6,2.575429603828175,0.2930929414147329,0.37816491450585676,551.7377814243125,312.7167385252488
Random search,0,6,7,2.575429603828175,0.2930929414147329,0.37816491450585676,551.7377814243125,312.7167385252488
Random search,0,7,8,2.575429603828175,0.2930929414147329,0.37816491450585676,551.7377814243125,312.7167385252488
Random search,0,8,9,2.575429603828175,0.2930929414147329,0.37816491450585676,551.7377814243125,312.7167385252488
Random search,0,9,10,2.575429603828175,0.2930929414147329,0.37816491450585676,551.7377814243125,312.7167385252488
Random search,0,10,11,2.575429603828175,0.2930929414147329,0.37816491450585676,551.7377814243125,312.7167385252488
Random search,0,11,12,2.575429603828175,0.2930929414147329,0.37816491450585676,551.7377814243125,312.7167385252488
Random search,0,12,13,2.575429603828175,0.2930929414147329,0.37816491450585676,551.7377814243125,312.7167385252488
Random search,0,13,14,2.575429603828175,0.2930929414147329,0.37816491450585676,551.7377814243125,312.7167385252488
Random search,0,14,15,2.575429603828175,0.2930929414147329,0.37816491450585676,551.7377814243125,312.7167385252488
Random search,0,15,16,2.575429603828175,0.2930929414147329,0.37816491450585676,551.7377814243125,312.7167385252488
Random search,0,16,17,2.575429603828175,0.2930929414147329,0.37816491450585676,551.7377814243125,312.7167385252488
Random search,0,17,18,3.5139400299406347,0.4463722729126373,0.20053156591225846,494.95526112113555,400.889529106177
Random search,0,18,19,3.5139400299406347,0.4463722729126373,0.20053156591225846,494.95526112113555,400.889529106177
Random search,0,19,20,3.5139400299406347,0.4463722729126373,0.20053156591225846,494.95526112113555,400.889529106177
Random search,0,20,21,3.5139400299406347,0.4463722729126373,0.20053156591225846,494.95526112113555,400.889529106177
Random search,0,21,22,3.5139400299406347,0.4463722729126373,0.20053156591225846,494.95526112113555,400.889529106177
Random search,0,22,23,3.5139400299406347,0.4463722729126373,0.20053156591225846,494.95526112113555,400.889529106177
Random search,0,23,24,3.5139400299406347,0.4463722729126373,0.20053156591225846,494.95526112113555,400.889529106177
Random search,0,24,25,3.5139400299406347,0.4463722729126373,0.20053156591225846,494.95526112113555,400.889529106177
Random search,0,25,26,3.5139400299406347,0.4463722729126373,0.20053156591225846,494.95526112113555,400.889529106177
Random search,0,26,27,3.5139400299406347,0.4463722729126373,0.20053156591225846,494.95526112113555,400.889529106177
Random search,0,27,28,3.5139400299406347,0.4463722729126373,0.20053156591225846,494.95526112113555,400.889529106177
Random search,0,28,29,3.5139400299406347,0.4463722729126373,0.20053156591225846,494.95526112113555,400.889529106177
Random search,0,29,30,3.5139400299406347,0.4463722729126373,0.20053156591225846,494.95526112113555,400.889529106177
Random search,0,30,31,3.5139400299406347,0.4463722729126373,0.20053156591225846,494.95526112113555,400.889529106177
Random search,0,31,32,3.5139400299406347,0.4463722729126373,0.20053156591225846,494.95526112113555,400.889529106177
Random search,0,32,33,3.5139400299406347,0.4463722729126373,0.20053156591225846,494.95526112113555,400.889529106177
Random search,0,33,34,3.5139400299406347,0.4463722729126373,0.20053156591225846,494.95526112113555,400.889529106177
Random search,0,34,35,1.4466363546984888,0.5371405043082106,0.10717331667900594,915.1266890930303,236.17630437915193
Random search,0,35,36,1.4466363546984888,0.5371405043082106,0.10717331667900594,915.1266890930303,236.17630437915193
Random search,0,36,37,1.4466363546984888,0.5371405043082106,0.10717331667900594,915.1266890930303,236.17630437915193
Random search,0,37,38,1.946054196022714,0.24629513851278184,0.0,793.3416290941394,273.93958251168533
Random search,0,38,39,1.946054196022714,0.24629513851278184,0.0,793.3416290941394,273.93958251168533
Random search,0,39,40,1.946054196022714,0.24629513851278184,0.0,793.3416290941394,273.93958251168533
Random search,0,40,41,1.946054196022714,0.24629513851278184,0.0,793.3416290941394,273.93958251168533
Random search,0,41,42,1.946054196022714,0.24629513851278184,0.0,793.3416290941394,273.93958251168533
Random search,0,42,43,1.946054196022714,0.24629513851278184,0.0,793.3416290941394,273.93958251168533
Random search,0,43,44,1.946054196022714,0.24629513851278184,0.0,793.3416290941394,273.93958251168533
Random search,0,44,45,1.946054196022714,0.24629513851278184,0.0,793.3416290941394,273.93958251168533
Random search,0,45,46,1.946054196022714,0.24629513851278184,0.0,793.3416290941394,273.93958251168533
Random search,0,46,47,1.946054196022714,0.24629513851278184,0.0,793.3416290941394,273.93958251168533
Random search,0,47,48,1.946054196022714,0.24629513851278184,0.0,793.3416290941394,273.93958251168533
Random search,0,48,49,1.946054196022714,0.24629513851278184,0.0,793.3416290941394,273.93958251168533
Random search,0,49,50,1.946054196022714,0.24629513851278184,0.0,793.3416290941394,273.93958251168533
Random search,0,50,51,1.946054196022714,0.24629513851278184,0.0,793.3416290941394,273.93958251168533
Random search,0,51,52,1.946054196022714,0.24629513851278184,0.0,793.3416290941394,273.93958251168533
Random search,0,52,53,1.946054196022714,0.24629513851278184,0.0,793.3416290941394,273.93958251168533
Random search,0,53,54,1.946054196022714,0.24629513851278184,0.0,793.3416290941394,273.93958251168533
Random search,0,54,55,1.946054196022714,0.24629513851278184,0.0,793.3416290941394,273.93958251168533
Random search,0,55,56,1.946054196022714,0.24629513851278184,0.0,793.3416290941394,273.93958251168533
Random search,0,56,57,1.946054196022714,0.24629513851278184,0.0,793.3416290941394,273.93958251168533
Random search,0,57,58,1.946054196022714,0.24629513851278184,0.0,793.3416290941394,273.93958251168533
Random search,0,58,59,1.946054196022714,0.24629513851278184,0.0,793.3416290941394,273.93958251168533
Random search,0,59,60,1.946054196022714,0.24629513851278184,0.0,793.3416290941394,273.93958251168533
Random search,0,60,61,1.946054196022714,0.24629513851278184,0.0,793.3416290941394,273.93958251168533
Random search,0,61,62,1.946054196022714,0.24629513851278184,0.0,793.3416290941394,273.93958251168533
Random search,0,62,63,1.946054196022714,0.24629513851278184,0.0,793.3416290941394,273.93958251168533
Random search,0,63,64,1.946054196022714,0.24629513851278184,0.0,793.3416290941394,273.93958251168533
Random search,0,64,65,1.946054196022714,0.24629513851278184,0.0,793.3416290941394,273.93958251168533
Random search,0,65,66,1.946054196022714,0.24629513851278184,0.0,793.3416290941394,273.93958251168533
Random search,0,66,67,1.946054196022714,0.24629513851278184,0.0,793.3416290941394,273.93958251168533
Random search,0,67,68,1.946054196022714,0.24629513851278184,0.0,793.3416290941394,273.93958251168533
Random search,0,68,69,1.946054196022714,0.24629513851278184,0.0,793.3416290941394,273.93958251168533
Random search,0,69,70,1.946054196022714,0.24629513851278184,0.0,793.3416290941394,273.93958251168533
Random search,0,70,71,1.946054196022714,0.24629513851278184,0.0,793.3416290941394,273.93958251168533
Random search,0,71,72,1.946054196022714,0.24629513851278184,0.0,793.3416290941394,273.93958251168533
Random search,0,72,73,1.946054196022714,0.24629513851278184,0.0,793.3416290941394,273.93958251168533
Random search,0,73,74,1.946054196022714,0.24629513851278184,0.0,793.3416290941394,273.93958251168533
Random search,0,74,75,1.946054196022714,0.24629513851278184,0.0,793.3416290941394,273.93958251168533
Random search,0,75,76,1.946054196022714,0.24629513851278184,0.0,793.3416290941394,273.93958251168533
Random search,0,76,77,1.946054196022714,0.24629513851278184,0.0,793.3416290941394,273.93958251168533
Random search,0,77,78,1.946054196022714,0.24629513851278184,0.0,793.3416290941394,273.93958251168533
Random search,0,78,79,1.946054196022714,0.24629513851278184,0.0,793.3416290941394,273.93958251168533
Random search,0,79,80,1.946054196022714,0.24629513851278184,0.0,793.3416290941394,273.93958251168533
Random search,0,80,81,1.946054196022714,0.24629513851278184,0.0,793.3416290941394,273.93958251168533
Random search,0,81,82,1.946054196022714,0.24629513851278184,0.0,793.3416290941394,273.93958251168533
Random search,0,82,83,1.946054196022714,0.24629513851278184,0.0,793.3416290941394,273.93958251168533
Random search,0,83,84,1.946054196022714,0.24629513851278184,0.0,793.3416290941394,273.93958251168533
Random search,0,84,85,1.946054196022714,0.24629513851278184,0.0,793.3416290941394,273.93958251168533
Random search,0,85,86,1.946054196022714,0.24629513851278184,0.0,793.3416290941394,273.93958251168533
Random search,0,86,87,1.946054196022714,0.24629513851278184,0.0,793.3416290941394,273.93958251168533
Random search,0,87,88,1.946054196022714,0.24629513851278184,0.0,793.3416290941394,273.93958251168533
Random search,0,88,89,1.946054196022714,0.24629513851278184,0.0,793.3416290941394,273.93958251168533
Random search,0,89,90,1.946054196022714,0.24629513851278184,0.0,793.3416290941394,273.93958251168533
Random search,0,90,91,1.946054196022714,0.24629513851278184,0.0,793.3416290941394,273.93958251168533
Random search,0,91,92,1.946054196022714,0.24629513851278184,0.0,793.3416290941394,273.93958251168533
Random search,0,92,93,1.946054196022714,0.24629513851278184,0.0,793.3416290941394,273.93958251168533
Random search,0,93,94,1.946054196022714,0.24629513851278184,0.0,793.3416290941394,273.93958251168533
Random search,0,94,95,1.946054196022714,0.24629513851278184,0.0,793.3416290941394,273.93958251168533
Random search,0,95,96,1.946054196022714,0.24629513851278184,0.0,793.3416290941394,273.93958251168533
Random search,0,96,97,1.946054196022714,0.24629513851278184,0.0,793.3416290941394,273.93958251168533
Random search,0,97,98,1.946054196022714,0.24629513851278184,0.0,793.3416290941394,273.93958251168533
Random search,0,98,99,1.946054196022714,0.24629513851278184,0.0,793.3416290941394,273.93958251168533
Random search,0,99,100,1.946054196022714,0.24629513851278184,0.0,793.3416290941394,273.93958251168533
Random search,0,100,101,1.946054196022714,0.24629513851278184,0.0,793.3416290941394,273.93958251168533
Random search,0,101,102,1.946054196022714,0.24629513851278184,0.0,793.3416290941394,273.93958251168533
Random search,0,102,103,1.946054196022714,0.24629513851278184,0.0,793.3416290941394,273.93958251168533
Random search,0,103,104,1.946054196022714,0.24629513851278184,0.0,793.3416290941394,273.93958251168533
Random search,0,104,105,1.946054196022714,0.24629513851278184,0.0,793.3416290941394,273.93958251168533
Random search,0,105,106,1.946054196022714,0.24629513851278184,0.0,793.3416290941394,273.93958251168533
Random search,0,106,107,1.946054196022714,0.24629513851278184,0.0,793.3416290941394,273.93958251168533
Random search,0,107,108,1.946054196022714,0.24629513851278184,0.0,793.3416290941394,273.93958251168533
Random search,0,108,109,1.946054196022714,0.24629513851278184,0.0,793.3416290941394,273.93958251168533
Random search,0,109,110,1.946054196022714,0.24629513851278184,0.0,793.3416290941394,273.93958251168533
Random search,0,110,111,1.946054196022714,0.24629513851278184,0.0,793.3416290941394,273.93958251168533
Random search,0,111,112,1.946054196022714,0.24629513851278184,0.0,793.3416290941394,273.93958251168533
Random search,0,112,113,1.946054196022714,0.24629513851278184,0.0,793.3416290941394,273.93958251168533
Random search,0,113,114,1.946054196022714,0.24629513851278184,0.0,793.3416290941394,273.93958251168533
Random search,0,114,115,1.946054196022714,0.24629513851278184,0.0,793.3416290941394,273.93958251168533
Random search,0,115,116,1.946054196022714,0.24629513851278184,0.0,793.3416290941394,273.93958251168533
Random search,0,116,117,1.946054196022714,0.24629513851278184,0.0,793.3416290941394,273.93958251168533
Random search,0,117,118,1.946054196022714,0.24629513851278184,0.0,793.3416290941394,273.93958251168533
Random search,0,118,119,1.946054196022714,0.24629513851278184,0.0,793.3416290941394,273.93958251168533
Random search,0,119,120,1.946054196022714,0.24629513851278184,0.0,793.3416290941394,273.93958251168533
Random search,0,120,121,1.946054196022714,0.24629513851278184,0.0,793.3416290941394,273.93958251168533
Random search,0,121,122,1.946054196022714,0.24629513851278184,0.0,793.3416290941394,273.93958251168533
Random search,0,122,123,1.946054196022714,0.24629513851278184,0.0,793.3416290941394,273.93958251168533
Random search,0,123,124,1.946054196022714,0.24629513851278184,0.0,793.3416290941394,273.93958251168533
Random search,0,124,125,1.946054196022714,0.24629513851278184,0.0,793.3416290941394,273.93958251168533
Random search,0,125,126,1.946054196022714,0.24629513851278184,0.0,793.3416290941394,273.93958251168533
Random search,0,126,127,1.946054196022714,0.24629513851278184,0.0,793.3416290941394,273.93958251168533
Random search,0,127,128,1.946054196022714,0.24629513851278184,0.0,793.3416290941394,273.93958251168533
Random search,0,128,129,1.946054196022714,0.24629513851278184,0.0,793.3416290941394,273.93958251168533
Random search,0,129,130,1.946054196022714,0.24629513851278184,0.0,793.3416290941394,273.93958251168533
Random search,0,130,131,1.946054196022714,0.24629513851278184,0.0,793.3416290941394,273.93958251168533
Random search,0,131,132,1.946054196022714,0.24629513851278184,0.0,793.3416290941394,273.93958251168533
Random search,0,132,133,1.946054196022714,0.24629513851278184,0.0,793.3416290941394,273.93958251168533
Random search,0,133,134,1.946054196022714,0.24629513851278184,0.0,793.3416290941394,273.93958251168533
Random search,0,134,135,1.946054196022714,0.24629513851278184,0.0,793.3416290941394,273.93958251168533
Random search,0,135,136,1.946054196022714,0.24629513851278184,0.0,793.3416290941394,273.93958251168533
Random search,0,136,137,1.946054196022714,0.24629513851278184,0.0,793.3416290941394,273.93958251168533
Random search,0,137,138,1.946054196022714,0.24629513851278184,0.0,793.3416290941394,273.93958251168533
Random search,0,138,139,1.946054196022714,0.24629513851278184,0.0,793.3416290941394,273.93958251168533
Random search,0,139,140,1.946054196022714,0.24629513851278184,0.0,793.3416290941394,273.93958251168533
Random search,0,140,141,1.946054196022714,0.24629513851278184,0.0,793.3416290941394,273.93958251168533
Random search,0,141,142,1.946054196022714,0.24629513851278184,0.0,793.3416290941394,273.93958251168533
Random search,0,142,143,1.946054196022714,0.24629513851278184,0.0,793.3416290941394,273.93958251168533
Random search,0,143,144,1.946054196022714,0.24629513851278184,0.0,793.3416290941394,273.93958251168533
Random search,0,144,145,1.946054196022714,0.24629513851278184,0.0,793.3416290941394,273.93958251168533
Random search,0,145,146,1.946054196022714,0.24629513851278184,0.0,793.3416290941394,273.93958251168533
Random search,0,146,147,1.946054196022714,0.24629513851278184,0.0,793.3416290941394,273.93958251168533
Random search,0,147,148,1.946054196022714,0.24629513851278184,0.0,793.3416290941394,273.93958251168533
Random search,0,148,149,1.946054196022714,0.24629513851278184,0.0,793.3416290941394,273.93958251168533
Random search,0,149,150,1.946054196022714,0.24629513851278184,0.0,793.3416290941394,273.93958251168533
Random search,0,150,151,1.946054196022714,0.24629513851278184,0.0,793.3416290941394,273.93958251168533
Random search,0,151,152,1.946054196022714,0.24629513851278184,0.0,793.3416290941394,273.93958251168533
Random search,0,152,153,1.946054196022714,0.24629513851278184,0.0,793.3416290941394,273.93958251168533
Random search,0,153,154,1.946054196022714,0.24629513851278184,0.0,793.3416290941394,273.93958251168533
Random search,0,154,155,1.946054196022714,0.24629513851278184,0.0,793.3416290941394,273.93958251168533
Random search,0,155,156,1.946054196022714,0.24629513851278184,0.0,793.3416290941394,273.93958251168533
Random search,0,156,157,1.946054196022714,0.24629513851278184,0.0,793.3416290941394,273.93958251168533
Random search,0,157,158,1.946054196022714,0.24629513851278184,0.0,793.3416290941394,273.93958251168533
Random search,0,158,159,1.946054196022714,0.24629513851278184,0.0,793.3416290941394,273.93958251168533
Random search,0,159,160,1.946054196022714,0.24629513851278184,0.0,793.3416290941394,273.93958251168533
Random search,0,160,161,1.946054196022714,0.24629513851278184,0.0,793.3416290941394,273.93958251168533
Random search,0,161,162,1.946054196022714,0.24629513851278184,0.0,793.3416290941394,273.93958251168533
Random search,0,162,163,1.946054196022714,0.24629513851278184,0.0,793.3416290941394,273.93958251168533
Random search,0,163,164,1.946054196022714,0.24629513851278184,0.0,793.3416290941394,273.93958251168533
Random search,0,164,165,1.946054196022714,0.24629513851278184,0.0,793.3416290941394,273.93958251168533
Random search,0,165,166,1.946054196022714,0.24629513851278184,0.0,793.3416290941394,273.93958251168533
Random search,0,166,167,1.946054196022714,0.24629513851278184,0.0,793.3416290941394,273.93958251168533
Random search,0,167,168,1.946054196022714,0.24629513851278184,0.0,793.3416290941394,273.93958251168533
Random search,0,168,169,1.946054196022714,0.24629513851278184,0.0,793.3416290941394,273.93958251168533
Random search,0,169,170,1.946054196022714,0.24629513851278184,0.0,793.3416290941394,273.93958251168533
Random search,0,170,171,1.946054196022714,0.24629513851278184,0.0,793.3416290941394,273.93958251168533
Random search,0,171,172,1.946054196022714,0.24629513851278184,0.0,793.3416290941394,273.93958251168533
Random search,0,172,173,1.946054196022714,0.24629513851278184,0.0,793.3416290941394,273.93958251168533
Random search,0,173,174,1.946054196022714,0.24629513851278184,0.0,793.3416290941394,273.93958251168533
Random search,0,174,175,1.946054196022714,0.24629513851278184,0.0,793.3416290941394,273.93958251168533
Random search,0,175,176,1.946054196022714,0.24629513851278184,0.0,793.3416290941394,273.93958251168533
Random search,0,176,177,1.946054196022714,0.24629513851278184,0.0,793.3416290941394,273.93958251168533
Random search,0,177,178,1.946054196022714,0.24629513851278184,0.0,793.3416290941394,273.93958251168533
Random search,0,178,179,1.946054196022714,0.24629513851278184,0.0,793.3416290941394,273.93958251168533
Random search,0,179,180,1.946054196022714,0.24629513851278184,0.0,793.3416290941394,273.93958251168533
Random search,0,180,181,1.946054196022714,0.24629513851278184,0.0,793.3416290941394,273.93958251168533
Random search,0,181,182,1.946054196022714,0.24629513851278184,0.0,793.3416290941394,273.93958251168533
Random search,0,182,183,1.946054196022714,0.24629513851278184,0.0,793.3416290941394,273.93958251168533
Random search,0,183,184,1.946054196022714,0.24629513851278184,0.0,793.3416290941394,273.93958251168533
Random search,0,184,185,1.946054196022714,0.24629513851278184,0.0,793.3416290941394,273.93958251168533
Random search,0,185,186,1.946054196022714,0.24629513851278184,0.0,793.3416290941394,273.93958251168533
Random search,0,186,187,1.946054196022714,0.24629513851278184,0.0,793.3416290941394,273.93958251168533
Random search,0,187,188,1.946054196022714,0.24629513851278184,0.0,793.3416290941394,273.93958251168533
Random search,0,188,189,1.946054196022714,0.24629513851278184,0.0,793.3416290941394,273.93958251168533
Random search,0,189,190,1.946054196022714,0.24629513851278184,0.0,793.3416290941394,273.93958251168533
Random search,0,190,191,1.946054196022714,0.24629513851278184,0.0,793.3416290941394,273.93958251168533
Random search,0,191,192,1.946054196022714,0.24629513851278184,0.0,793.3416290941394,273.93958251168533
Random search,0,192,193,1.946054196022714,0.24629513851278184,0.0,793.3416290941394,273.93958251168533
Random search,0,193,194,1.946054196022714,0.24629513851278184,0.0,793.3416290941394,273.93958251168533
Random search,0,194,195,1.946054196022714,0.24629513851278184,0.0,793.3416290941394,273.93958251168533
Random search,0,195,196,1.946054196022714,0.24629513851278184,0.0,793.3416290941394,273.93958251168533
Random search,0,196,197,1.946054196022714,0.24629513851278184,0.0,793.3416290941394,273.93958251168533
Random search,0,197,198,1.946054196022714,0.24629513851278184,0.0,793.3416290941394,273.93958251168533
Random search,0,198,199,1.946054196022714,0.24629513851278184,0.0,793.3416290941394,273.93958251168533
Random search,0,199,200,1.946054196022714,0.24629513851278184,0.0,793.3416290941394,273.93958251168533
Random search,0,200,201,1.946054196022714,0.24629513851278184,0.0,793.3416290941394,273.93958251168533
Random search,0,201,202,1.946054196022714,0.24629513851278184,0.0,793.3416290941394,273.93958251168533
Random search,0,202,203,1.946054196022714,0.24629513851278184,0.0,793.3416290941394,273.93958251168533
Random search,0,203,204,1.946054196022714,0.24629513851278184,0.0,793.3416290941394,273.93958251168533
Random search,0,204,205,1.946054196022714,0.24629513851278184,0.0,793.3416290941394,273.93958251168533
Random search,0,205,206,1.946054196022714,0.24629513851278184,0.0,793.3416290941394,273.93958251168533
Random search,0,206,207,1.946054196022714,0.24629513851278184,0.0,793.3416290941394,273.93958251168533
Random search,0,207,208,1.946054196022714,0.24629513851278184,0.0,793.3416290941394,273.93958251168533
Random search,0,208,209,1.946054196022714,0.24629513851278184,0.0,793.3416290941394,273.93958251168533
Random search,0,209,210,1.946054196022714,0.24629513851278184,0.0,793.3416290941394,273.93958251168533
Random search,0,210,211,1.946054196022714,0.24629513851278184,0.0,793.3416290941394,273.93958251168533
Random search,0,211,212,1.946054196022714,0.24629513851278184,0.0,793.3416290941394,273.93958251168533
Random search,0,212,213,1.946054196022714,0.24629513851278184,0.0,793.3416290941394,273.93958251168533
Random search,0,213,214,1.946054196022714,0.24629513851278184,0.0,793.3416290941394,273.93958251168533
Random search,0,214,215,1.946054196022714,0.24629513851278184,0.0,793.3416290941394,273.93958251168533
Random search,0,215,216,1.946054196022714,0.24629513851278184,0.0,793.3416290941394,273.93958251168533
Random search,0,216,217,1.946054196022714,0.24629513851278184,0.0,793.3416290941394,273.93958251168533
Random search,0,217,218,1.946054196022714,0.24629513851278184,0.0,793.3416290941394,273.93958251168533
Random search,0,218,219,1.946054196022714,0.24629513851278184,0.0,793.3416290941394,273.93958251168533
Random search,0,219,220,1.946054196022714,0.24629513851278184,0.0,793.3416290941394,273.93958251168533
Random search,0,220,221,1.946054196022714,0.24629513851278184,0.0,793.3416290941394,273.93958251168533
Random search,0,221,222,1.946054196022714,0.24629513851278184,0.0,793.3416290941394,273.93958251168533
Random search,0,222,223,1.946054196022714,0.24629513851278184,0.0,793.3416290941394,273.93958251168533
Random search,0,223,224,1.946054196022714,0.24629513851278184,0.0,793.3416290941394,273.93958251168533
Random search,0,224,225,1.946054196022714,0.24629513851278184,0.0,793.3416290941394,273.93958251168533
Random search,0,225,226,1.946054196022714,0.24629513851278184,0.0,793.3416290941394,273.93958251168533
Random search,0,226,227,1.946054196022714,0.24629513851278184,0.0,793.3416290941394,273.93958251168533
Random search,0,227,228,1.946054196022714,0.24629513851278184,0.0,793.3416290941394,273.93958251168533
Random search,0,228,229,1.946054196022714,0.24629513851278184,0.0,793.3416290941394,273.93958251168533
Random search,0,229,230,1.946054196022714,0.24629513851278184,0.0,793.3416290941394,273.93958251168533
Random search,0,230,231,1.946054196022714,0.24629513851278184,0.0,793.3416290941394,273.93958251168533
Random search,0,231,232,1.946054196022714,0.24629513851278184,0.0,793.3416290941394,273.93958251168533
Random search,0,232,233,1.946054196022714,0.24629513851278184,0.0,793.3416290941394,273.93958251168533
Random search,0,233,234,1.946054196022714,0.24629513851278184,0.0,793.3416290941394,273.93958251168533
Random search,0,234,235,1.946054196022714,0.24629513851278184,0.0,793.3416290941394,273.93958251168533
Random search,0,235,236,1.946054196022714,0.24629513851278184,0.0,793.3416290941394,273.93958251168533
Random search,0,236,237,1.946054196022714,0.24629513851278184,0.0,793.3416290941394,273.93958251168533
Random search,0,237,238,1.946054196022714,0.24629513851278184,0.0,793.3416290941394,273.93958251168533
Random search,0,238,239,1.946054196022714,0.24629513851278184,0.0,793.3416290941394,273.93958251168533
Random search,0,239,240,1.946054196022714,0.24629513851278184,0.0,793.3416290941394,273.93958251168533
Random search,0,240,241,1.946054196022714,0.24629513851278184,0.0,793.3416290941394,273.93958251168533
Random search,0,241,242,1.946054196022714,0.24629513851278184,0.0,793.3416290941394,273.93958251168533
Random search,0,242,243,1.946054196022714,0.24629513851278184,0.0,793.3416290941394,273.93958251168533
Random search,0,243,244,1.946054196022714,0.24629513851278184,0.0,793.3416290941394,273.93958251168533
Random search,0,244,245,1.946054196022714,0.24629513851278184,0.0,793.3416290941394,273.93958251168533
Random search,0,245,246,1.946054196022714,0.24629513851278184,0.0,793.3416290941394,273.93958251168533
Random search,0,246,247,1.946054196022714,0.24629513851278184,0.0,793.3416290941394,273.93958251168533
Random search,0,247,248,1.946054196022714,0.24629513851278184,0.0,793.3416290941394,273.93958251168533
Random search,0,248,249,1.946054196022714,0.24629513851278184,0.0,793.3416290941394,273.93958251168533
Random search,0,249,250,1.946054196022714,0.24629513851278184,0.0,793.3416290941394,273.93958251168533
Random search,0,250,251,1.946054196022714,0.24629513851278184,0.0,793.3416290941394,273.93958251168533
Random search,0,251,252,1.946054196022714,0.24629513851278184,0.0,793.3416290941394,273.93958251168533
Random search,0,252,253,1.946054196022714,0.24629513851278184,0.0,793.3416290941394,273.93958251168533
Random search,0,253,254,1.946054196022714,0.24629513851278184,0.0,793.3416290941394,273.93958251168533
Random search,0,254,255,1.946054196022714,0.24629513851278184,0.0,793.3416290941394,273.93958251168533
Random search,0,255,256,1.946054196022714,0.24629513851278184,0.0,793.3416290941394,273.93958251168533
Random search,0,256,257,1.946054196022714,0.24629513851278184,0.0,793.3416290941394,273.93958251168533
Random search,0,257,258,1.946054196022714,0.24629513851278184,0.0,793.3416290941394,273.93958251168533
Random search,0,258,259,1.946054196022714,0.24629513851278184,0.0,793.3416290941394,273.93958251168533
Random search,0,259,260,1.946054196022714,0.24629513851278184,0.0,793.3416290941394,273.93958251168533
Random search,0,260,261,1.946054196022714,0.24629513851278184,0.0,793.3416290941394,273.93958251168533
Random search,0,261,262,1.946054196022714,0.24629513851278184,0.0,793.3416290941394,273.93958251168533
Random search,0,262,263,1.946054196022714,0.24629513851278184,0.0,793.3416290941394,273.93958251168533
Random search,0,263,264,1.946054196022714,0.24629513851278184,0.0,793.3416290941394,273.93958251168533
Random search,0,264,265,1.946054196022714,0.24629513851278184,0.0,793.3416290941394,273.93958251168533
Random search,0,265,266,1.946054196022714,0.24629513851278184,0.0,793.3416290941394,273.93958251168533
Random search,0,266,267,1.946054196022714,0.24629513851278184,0.0,793.3416290941394,273.93958251168533
Random search,0,267,268,1.946054196022714,0.24629513851278184,0.0,793.3416290941394,273.93958251168533
Random search,0,268,269,1.946054196022714,0.24629513851278184,0.0,793.3416290941394,273.93958251168533
Random search,0,269,270,1.946054196022714,0.24629513851278184,0.0,793.3416290941394,273.93958251168533
Random search,0,270,271,1.946054196022714,0.24629513851278184,0.0,793.3416290941394,273.93958251168533
Random search,0,271,272,1.946054196022714,0.24629513851278184,0.0,793.3416290941394,273.93958251168533
Random search,0,272,273,1.946054196022714,0.24629513851278184,0.0,793.3416290941394,273.93958251168533
Random search,0,273,274,1.946054196022714,0.24629513851278184,0.0,793.3416290941394,273.93958251168533
Random search,0,274,275,1.946054196022714,0.24629513851278184,0.0,793.3416290941394,273.93958251168533
Random search,0,275,276,1.946054196022714,0.24629513851278184,0.0,793.3416290941394,273.93958251168533
Random search,0,276,277,1.946054196022714,0.24629513851278184,0.0,793.3416290941394,273.93958251168533
Random search,0,277,278,2.311418148319341,0.21358269328923687,0.0,729.0085391047146,304.04266874240557
Random search,0,278,279,2.311418148319341,0.21358269328923687,0.0,729.0085391047146,304.04266874240557
Random search,0,279,280,2.311418148319341,0.21358269328923687,0.0,729.0085391047146,304.04266874240557
Random search,0,280,281,2.311418148319341,0.21358269328923687,0.0,729.0085391047146,304.04266874240557
Random search,0,281,282,2.311418148319341,0.21358269328923687,0.0,729.0085391047146,304.04266874240557
Random search,0,282,283,2.311418148319341,0.21358269328923687,0.0,729.0085391047146,304.04266874240557
Random search,0,283,284,2.311418148319341,0.21358269328923687,0.0,729.0085391047146,304.04266874240557
Random search,0,284,285,2.311418148319341,0.21358269328923687,0.0,729.0085391047146,304.04266874240557
Random search,0,285,286,2.311418148319341,0.21358269328923687,0.0,729.0085391047146,304.04266874240557
Random search,0,286,287,2.311418148319341,0.21358269328923687,0.0,729.0085391047146,304.04266874240557
Random search,0,287,288,2.311418148319341,0.21358269328923687,0.0,729.0085391047146,304.04266874240557
Random search,0,288,289,2.311418148319341,0.21358269328923687,0.0,729.0085391047146,304.04266874240557
Random search,0,289,290,2.311418148319341,0.21358269328923687,0.0,729.0085391047146,304.04266874240557
Random search,0,290,291,2.1707864478131667,0.19159915419507173,0.015528965289061336,780.2303242120798,295.1016772025246
Random search,0,291,292,2.1707864478131667,0.19159915419507173,0.015528965289061336,780.2303242120798,295.1016772025246
Random search,0,292,293,2.1707864478131667,0.19159915419507173,0.015528965289061336,780.2303242120798,295.1016772025246
Random search,0,293,294,2.1707864478131667,0.19159915419507173,0.015528965289061336,780.2303242120798,295.1016772025246
Random search,0,294,295,2.1707864478131667,0.19159915419507173,0.015528965289061336,780.2303242120798,295.1016772025246
Random search,0,295,296,2.1707864478131667,0.19159915419507173,0.015528965289061336,780.2303242120798,295.1016772025246
Random search,0,296,297,2.1707864478131667,0.19159915419507173,0.015528965289061336,780.2303242120798,295.1016772025246
Random search,0,297,298,2.1707864478131667,0.19159915419507173,0.015528965289061336,780.2303242120798,295.1016772025246
Random search,0,298,299,2.1707864478131667,0.19159915419507173,0.015528965289061336,780.2303242120798,295.1016772025246
Random search,0,299,300,2.1707864478131667,0.19159915419507173,0.015528965289061336,780.2303242120798,295.1016772025246
Random search,0,300,301,2.1707864478131667,0.19159915419507173,0.015528965289061336,780.2303242120798,295.1016772025246
Random search,0,301,302,2.1707864478131667,0.19159915419507173,0.015528965289061336,780.2303242120798,295.1016772025246
Random search,0,302,303,2.1707864478131667,0.19159915419507173,0.015528965289061336,780.2303242120798,295.1016772025246
Random search,0,303,304,2.2705729870339932,0.20111401577485133,0.0029921926987979868,739.777345898109,301.03503329321023
Random search,0,304,305,2.2705729870339932,0.20111401577485133,0.0029921926987979868,739.777345898109,301.03503329321023
Random search,0,305,306,2.2705729870339932,0.20111401577485133,0.0029921926987979868,739.777345898109,301.03503329321023
Random search,0,306,307,2.2705729870339932,0.20111401577485133,0.0029921926987979868,739.777345898109,301.03503329321023
Random search,0,307,308,2.2705729870339932,0.20111401577485133,0.0029921926987979868,739.777345898109,301.03503329321023
Random search,0,308,309,2.2705729870339932,0.20111401577485133,0.0029921926987979868,739.777345898109,301.03503329321023
Random search,0,309,310,2.2705729870339932,0.20111401577485133,0.0029921926987979868,739.777345898109,301.03503329321023
Random search,0,310,311,2.2705729870339932,0.20111401577485133,0.0029921926987979868,739.777345898109,301.03503329321023
Random search,0,311,312,2.2705729870339932,0.20111401577485133,0.0029921926987979868,739.777345898109,301.03503329321023
Random search,0,312,313,2.2705729870339932,0.20111401577485133,0.0029921926987979868,739.777345898109,301.03503329321023
Random search,0,313,314,2.2705729870339932,0.20111401577485133,0.0029921926987979868,739.777345898109,301.03503329321023
Random search,0,314,315,2.2705729870339932,0.20111401577485133,0.0029921926987979868,739.777345898109,301.03503329321023
Random search,0,315,316,2.2705729870339932,0.20111401577485133,0.0029921926987979868,739.777345898109,301.03503329321023
Random search,0,316,317,2.2705729870339932,0.20111401577485133,0.0029921926987979868,739.777345898109,301.03503329321023
Random search,0,317,318,2.2705729870339932,0.20111401577485133,0.0029921926987979868,739.777345898109,301.03503329321023
Random search,0,318,319,2.2705729870339932,0.20111401577485133,0.0029921926987979868,739.777345898109,301.03503329321023
Random search,0,319,320,2.2705729870339932,0.20111401577485133,0.0029921926987979868,739.777345898109,301.03503329321023
Random search,0,320,321,2.2705729870339932,0.20111401577485133,0.0029921926987979868,739.777345898109,301.03503329321023
Random search,0,321,322,2.2705729870339932,0.20111401577485133,0.0029921926987979868,739.777345898109,301.03503329321023
Random search,0,322,323,2.2705729870339932,0.20111401577485133,0.0029921926987979868,739.777345898109,301.03503329321023
Random search,0,323,324,2.2705729870339932,0.20111401577485133,0.0029921926987979868,739.777345898109,301.03503329321023
Random search,0,324,325,2.2705729870339932,0.20111401577485133,0.0029921926987979868,739.777345898109,301.03503329321023
Random search,0,325,326,2.2705729870339932,0.20111401577485133,0.0029921926987979868,739.777345898109,301.03503329321023
Random search,0,326,327,2.2705729870339932,0.20111401577485133,0.0029921926987979868,739.777345898109,301.03503329321023
Random search,0,327,328,2.2705729870339932,0.20111401577485133,0.0029921926987979868,739.777345898109,301.03503329321023
Random search,0,328,329,2.2705729870339932,0.20111401577485133,0.0029921926987979868,739.777345898109,301.03503329321023
Random search,0,329,330,2.2705729870339932,0.20111401577485133,0.0029921926987979868,739.777345898109,301.03503329321023
Random search,0,330,331,2.2705729870339932,0.20111401577485133,0.0029921926987979868,739.777345898109,301.03503329321023
Random search,0,331,332,2.2705729870339932,0.20111401577485133,0.0029921926987979868,739.777345898109,301.03503329321023
Random search,0,332,333,2.2705729870339932,0.20111401577485133,0.0029921926987979868,739.777345898109,301.03503329321023
Random search,0,333,334,2.2705729870339932,0.20111401577485133,0.0029921926987979868,739.777345898109,301.03503329321023
Random search,0,334,335,2.2705729870339932,0.20111401577485133,0.0029921926987979868,739.777345898109,301.03503329321023
Random search,0,335,336,2.2705729870339932,0.20111401577485133,0.0029921926987979868,739.777345898109,301.03503329321023
Random search,0,336,337,2.2705729870339932,0.20111401577485133,0.0029921926987979868,739.777345898109,301.03503329321023
Random search,0,337,338,2.2705729870339932,0.20111401577485133,0.0029921926987979868,739.777345898109,301.03503329321023
Random search,0,338,339,2.2705729870339932,0.20111401577485133,0.0029921926987979868,739.777345898109,301.03503329321023
Random search,0,339,340,2.2705729870339932,0.20111401577485133,0.0029921926987979868,739.777345898109,301.03503329321023
Random search,0,340,341,2.2705729870339932,0.20111401577485133,0.0029921926987979868,739.777345898109,301.03503329321023
Random search,0,341,342,2.2705729870339932,0.20111401577485133,0.0029921926987979868,739.777345898109,301.03503329321023
Random search,0,342,343,2.2705729870339932,0.20111401577485133,0.0029921926987979868,739.777345898109,301.03503329321023
Random search,0,343,344,2.2705729870339932,0.20111401577485133,0.0029921926987979868,739.777345898109,301.03503329321023
Random search,0,344,345,2.2705729870339932,0.20111401577485133,0.0029921926987979868,739.777345898109,301.03503329321023
Random search,0,345,346,2.2705729870339932,0.20111401577485133,0.0029921926987979868,739.777345898109,301.03503329321023
Random search,0,346,347,2.2705729870339932,0.20111401577485133,0.0029921926987979868,739.777345898109,301.03503329321023
Random search,0,347,348,2.2705729870339932,0.20111401577485133,0.0029921926987979868,739.777345898109,301.03503329321023
Random search,0,348,349,2.2705729870339932,0.20111401577485133,0.0029921926987979868,739.777345898109,301.03503329321023
Random search,0,349,350,2.2705729870339932,0.20111401577485133,0.0029921926987979868,739.777345898109,301.03503329321023
Random search,0,350,351,2.2705729870339932,0.20111401577485133,0.0029921926987979868,739.777345898109,301.03503329321023
Random search,0,351,352,2.2705729870339932,0.20111401577485133,0.0029921926987979868,739.777345898109,301.03503329321023
Random search,0,352,353,2.2705729870339932,0.20111401577485133,0.0029921926987979868,739.777345898109,301.03503329321023
Random search,0,353,354,2.2705729870339932,0.20111401577485133,0.0029921926987979868,739.777345898109,301.03503329321023
Random search,0,354,355,2.2705729870339932,0.20111401577485133,0.0029921926987979868,739.777345898109,301.03503329321023
Random search,0,355,356,2.2705729870339932,0.20111401577485133,0.0029921926987979868,739.777345898109,301.03503329321023
Random search,0,356,357,2.2705729870339932,0.20111401577485133,0.0029921926987979868,739.777345898109,301.03503329321023
Random search,0,357,358,2.2705729870339932,0.20111401577485133,0.0029921926987979868,739.777345898109,301.03503329321023
Random search,0,358,359,2.2705729870339932,0.20111401577485133,0.0029921926987979868,739.777345898109,301.03503329321023
Random search,0,359,360,2.2705729870339932,0.20111401577485133,0.0029921926987979868,739.777345898109,301.03503329321023
Random search,0,360,361,2.2705729870339932,0.20111401577485133,0.0029921926987979868,739.777345898109,301.03503329321023
Random search,0,361,362,2.2705729870339932,0.20111401577485133,0.0029921926987979868,739.777345898109,301.03503329321023
Random search,0,362,363,2.2705729870339932,0.20111401577485133,0.0029921926987979868,739.777345898109,301.03503329321023
Random search,0,363,364,2.2705729870339932,0.20111401577485133,0.0029921926987979868,739.777345898109,301.03503329321023
Random search,0,364,365,2.2705729870339932,0.20111401577485133,0.0029921926987979868,739.777345898109,301.03503329321023
Random search,0,365,366,2.2705729870339932,0.20111401577485133,0.0029921926987979868,739.777345898109,301.03503329321023
Random search,0,366,367,2.2705729870339932,0.20111401577485133,0.0029921926987979868,739.777345898109,301.03503329321023
Random search,0,367,368,2.2705729870339932,0.20111401577485133,0.0029921926987979868,739.777345898109,301.03503329321023
Random search,0,368,369,2.2705729870339932,0.20111401577485133,0.0029921926987979868,739.777345898109,301.03503329321023
Random search,0,369,370,2.2705729870339932,0.20111401577485133,0.0029921926987979868,739.777345898109,301.03503329321023
Random search,0,370,371,2.2705729870339932,0.20111401577485133,0.0029921926987979868,739.777345898109,301.03503329321023
Random search,0,371,372,2.2705729870339932,0.20111401577485133,0.0029921926987979868,739.777345898109,301.03503329321023
Random search,0,372,373,2.2705729870339932,0.20111401577485133,0.0029921926987979868,739.777345898109,301.03503329321023
Random search,0,373,374,2.2705729870339932,0.20111401577485133,0.0029921926987979868,739.777345898109,301.03503329321023
Random search,0,374,375,2.2705729870339932,0.20111401577485133,0.0029921926987979868,739.777345898109,301.03503329321023
Random search,0,375,376,2.2705729870339932,0.20111401577485133,0.0029921926987979868,739.777345898109,301.03503329321023
Random search,0,376,377,2.2705729870339932,0.20111401577485133,0.0029921926987979868,739.777345898109,301.03503329321023
Random search,0,377,378,2.2705729870339932,0.20111401577485133,0.0029921926987979868,739.777345898109,301.03503329321023
Random search,0,378,379,2.2705729870339932,0.20111401577485133,0.0029921926987979868,739.777345898109,301.03503329321023
Random search,0,379,380,2.2705729870339932,0.20111401577485133,0.0029921926987979868,739.777345898109,301.03503329321023
Random search,0,380,381,2.2705729870339932,0.20111401577485133,0.0029921926987979868,739.777345898109,301.03503329321023
Random search,0,381,382,2.2705729870339932,0.20111401577485133,0.0029921926987979868,739.777345898109,301.03503329321023
Random search,0,382,383,2.2705729870339932,0.20111401577485133,0.0029921926987979868,739.777345898109,301.03503329321023
Random search,0,383,384,2.2705729870339932,0.20111401577485133,0.0029921926987979868,739.777345898109,301.03503329321023
Random search,0,384,385,2.2705729870339932,0.20111401577485133,0.0029921926987979868,739.777345898109,301.03503329321023
Random search,0,385,386,2.2705729870339932,0.20111401577485133,0.0029921926987979868,739.777345898109,301.03503329321023
Random search,0,386,387,2.2705729870339932,0.20111401577485133,0.0029921926987979868,739.777345898109,301.03503329321023
Random search,0,387,388,2.2705729870339932,0.20111401577485133,0.0029921926987979868,739.777345898109,301.03503329321023
Random search,0,388,389,2.2705729870339932,0.20111401577485133,0.0029921926987979868,739.777345898109,301.03503329321023
Random search,0,389,390,2.2705729870339932,0.20111401577485133,0.0029921926987979868,739.777345898109,301.03503329321023
Random search,0,390,391,2.2705729870339932,0.20111401577485133,0.0029921926987979868,739.777345898109,301.03503329321023
Random search,0,391,392,2.2705729870339932,0.20111401577485133,0.0029921926987979868,739.777345898109,301.03503329321023
Random search,0,392,393,2.2705729870339932,0.20111401577485133,0.0029921926987979868,739.777345898109,301.03503329321023
Random search,0,393,394,2.2705729870339932,0.20111401577485133,0.0029921926987979868,739.777345898109,301.03503329321023
Random search,0,394,395,2.2705729870339932,0.20111401577485133,0.0029921926987979868,739.777345898109,301.03503329321023
Random search,0,395,396,2.2705729870339932,0.20111401577485133,0.0029921926987979868,739.777345898109,301.03503329321023
Random search,0,396,397,2.2705729870339932,0.20111401577485133,0.0029921926987979868,739.777345898109,301.03503329321023
Random search,0,397,398,2.2705729870339932,0.20111401577485133,0.0029921926987979868,739.777345898109,301.03503329321023
Random search,0,398,399,2.2705729870339932,0.20111401577485133,0.0029921926987979868,739.777345898109,301.03503329321023
Random search,0,399,400,2.2705729870339932,0.20111401577485133,0.0029921926987979868,739.777345898109,301.03503329321023
Random search,0,400,401,2.2705729870339932,0.20111401577485133,0.0029921926987979868,739.777345898109,301.03503329321023
Random search,0,401,402,2.2705729870339932,0.20111401577485133,0.0029921926987979868,739.777345898109,301.03503329321023
Random search,0,402,403,2.2705729870339932,0.20111401577485133,0.0029921926987979868,739.777345898109,301.03503329321023
Random search,0,403,404,2.2705729870339932,0.20111401577485133,0.0029921926987979868,739.777345898109,301.03503329321023
Random search,0,404,405,2.2705729870339932,0.20111401577485133,0.0029921926987979868,739.777345898109,301.03503329321023
Random search,0,405,406,2.2705729870339932,0.20111401577485133,0.0029921926987979868,739.777345898109,301.03503329321023
Random search,0,406,407,2.2705729870339932,0.20111401577485133,0.0029921926987979868,739.777345898109,301.03503329321023
Random search,0,407,408,2.2705729870339932,0.20111401577485133,0.0029921926987979868,739.777345898109,301.03503329321023
Random search,0,408,409,2.2705729870339932,0.20111401577485133,0.0029921926987979868,739.777345898109,301.03503329321023
Random search,0,409,410,2.2705729870339932,0.20111401577485133,0.0029921926987979868,739.777345898109,301.03503329321023
Random search,0,410,411,2.2705729870339932,0.20111401577485133,0.0029921926987979868,739.777345898109,301.03503329321023
Random search,0,411,412,2.2705729870339932,0.20111401577485133,0.0029921926987979868,739.777345898109,301.03503329321023
Random search,0,412,413,2.2705729870339932,0.20111401577485133,0.0029921926987979868,739.777345898109,301.03503329321023
Random search,0,413,414,2.2705729870339932,0.20111401577485133,0.0029921926987979868,739.777345898109,301.03503329321023
Random search,0,414,415,2.2705729870339932,0.20111401577485133,0.0029921926987979868,739.777345898109,301.03503329321023
Random search,0,415,416,2.2705729870339932,0.20111401577485133,0.0029921926987979868,739.777345898109,301.03503329321023
Random search,0,416,417,2.2705729870339932,0.20111401577485133,0.0029921926987979868,739.777345898109,301.03503329321023
Random search,0,417,418,2.2705729870339932,0.20111401577485133,0.0029921926987979868,739.777345898109,301.03503329321023
Random search,0,418,419,2.2705729870339932,0.20111401577485133,0.0029921926987979868,739.777345898109,301.03503329321023
Random search,0,419,420,2.2705729870339932,0.20111401577485133,0.0029921926987979868,739.777345898109,301.03503329321023
Random search,0,420,421,2.2705729870339932,0.20111401577485133,0.0029921926987979868,739.777345898109,301.03503329321023
Random search,0,421,422,2.2705729870339932,0.20111401577485133,0.0029921926987979868,739.777345898109,301.03503329321023
Random search,0,422,423,2.2705729870339932,0.20111401577485133,0.0029921926987979868,739.777345898109,301.03503329321023
Random search,0,423,424,2.2705729870339932,0.20111401577485133,0.0029921926987979868,739.777345898109,301.03503329321023
Random search,0,424,425,2.2705729870339932,0.20111401577485133,0.0029921926987979868,739.777345898109,301.03503329321023
Random search,0,425,426,2.2705729870339932,0.20111401577485133,0.0029921926987979868,739.777345898109,301.03503329321023
Random search,0,426,427,2.2705729870339932,0.20111401577485133,0.0029921926987979868,739.777345898109,301.03503329321023
Random search,0,427,428,2.2705729870339932,0.20111401577485133,0.0029921926987979868,739.777345898109,301.03503329321023
Random search,0,428,429,2.522781764828088,0.1783247754577505,0.01229609909190632,688.7338359467468,321.1515600774835
Random search,0,429,430,2.522781764828088,0.1783247754577505,0.01229609909190632,688.7338359467468,321.1515600774835
Random search,0,430,431,2.522781764828088,0.1783247754577505,0.01229609909190632,688.7338359467468,321.1515600774835
Random search,0,431,432,2.522781764828088,0.1783247754577505,0.01229609909190632,688.7338359467468,321.1515600774835
Random search,0,432,433,2.522781764828088,0.1783247754577505,0.01229609909190632,688.7338359467468,321.1515600774835
Random search,0,433,434,2.522781764828088,0.1783247754577505,0.01229609909190632,688.7338359467468,321.1515600774835
Random search,0,434,435,2.522781764828088,0.1783247754577505,0.01229609909190632,688.7338359467468,321.1515600774835
Random search,0,435,436,2.522781764828088,0.1783247754577505,0.01229609909190632,688.7338359467468,321.1515600774835
Random search,0,436,437,2.522781764828088,0.1783247754577505,0.01229609909190632,688.7338359467468,321.1515600774835
Random search,0,437,438,2.522781764828088,0.1783247754577505,0.01229609909190632,688.7338359467468,321.1515600774835
Random search,0,438,439,2.522781764828088,0.1783247754577505,0.01229609909190632,688.7338359467468,321.1515600774835
Random search,0,439,440,2.522781764828088,0.1783247754577505,0.01229609909190632,688.7338359467468,321.1515600774835
Random search,0,440,441,2.522781764828088,0.1783247754577505,0.01229609909190632,688.7338359467468,321.1515600774835
Random search,0,441,442,2.522781764828088,0.1783247754577505,0.01229609909190632,688.7338359467468,321.1515600774835
Random search,0,442,443,2.522781764828088,0.1783247754577505,0.01229609909190632,688.7338359467468,321.1515600774835
Random search,0,443,444,2.522781764828088,0.1783247754577505,0.01229609909190632,688.7338359467468,321.1515600774835
Random search,0,444,445,2.522781764828088,0.1783247754577505,0.01229609909190632,688.7338359467468,321.1515600774835
Random search,0,445,446,2.522781764828088,0.1783247754577505,0.01229609909190632,688.7338359467468,321.1515600774835
Random search,0,446,447,2.522781764828088,0.1783247754577505,0.01229609909190632,688.7338359467468,321.1515600774835
Random search,0,447,448,2.522781764828088,0.1783247754577505,0.01229609909190632,688.7338359467468,321.1515600774835
Random search,0,448,449,2.522781764828088,0.1783247754577505,0.01229609909190632,688.7338359467468,321.1515600774835
Random search,0,449,450,2.522781764828088,0.1783247754577505,0.01229609909190632,688.7338359467468,321.1515600774835
Random search,0,450,451,2.522781764828088,0.1783247754577505,0.01229609909190632,688.7338359467468,321.1515600774835
Random search,0,451,452,2.522781764828088,0.1783247754577505,0.01229609909190632,688.7338359467468,321.1515600774835
Random search,0,452,453,2.522781764828088,0.1783247754577505,0.01229609909190632,688.7338359467468,321.1515600774835
Random search,0,453,454,2.522781764828088,0.1783247754577505,0.01229609909190632,688.7338359467468,321.1515600774835
Random search,0,454,455,2.522781764828088,0.1783247754577505,0.01229609909190632,688.7338359467468,321.1515600774835
Random search,0,455,456,2.522781764828088,0.1783247754577505,0.01229609909190632,688.7338359467468,321.1515600774835
Random search,0,456,457,2.522781764828088,0.1783247754577505,0.01229609909190632,688.7338359467468,321.1515600774835
Random search,0,457,458,2.522781764828088,0.1783247754577505,0.01229609909190632,688.7338359467468,321.1515600774835
Random search,0,458,459,2.522781764828088,0.1783247754577505,0.01229609909190632,688.7338359467468,321.1515600774835
Random search,0,459,460,2.522781764828088,0.1783247754577505,0.01229609909190632,688.7338359467468,321.1515600774835
Random search,0,460,461,2.522781764828088,0.1783247754577505,0.01229609909190632,688.7338359467468,321.1515600774835
Random search,0,461,462,2.522781764828088,0.1783247754577505,0.01229609909190632,688.7338359467468,321.1515600774835
Random search,0,462,463,2.522781764828088,0.1783247754577505,0.01229609909190632,688.7338359467468,321.1515600774835
Random search,0,463,464,2.522781764828088,0.1783247754577505,0.01229609909190632,688.7338359467468,321.1515600774835
Random search,0,464,465,2.522781764828088,0.1783247754577505,0.01229609909190632,688.7338359467468,321.1515600774835
Random search,0,465,466,2.522781764828088,0.1783247754577505,0.01229609909190632,688.7338359467468,321.1515600774835
Random search,0,466,467,2.522781764828088,0.1783247754577505,0.01229609909190632,688.7338359467468,321.1515600774835
Random search,0,467,468,2.522781764828088,0.1783247754577505,0.01229609909190632,688.7338359467468,321.1515600774835
Random search,0,468,469,2.522781764828088,0.1783247754577505,0.01229609909190632,688.7338359467468,321.1515600774835
Random search,0,469,470,2.72719500158023,0.17707844342667525,0.005200539403524829,650.6416954075884,337.78366969878186
Random search,0,470,471,2.72719500158023,0.17707844342667525,0.005200539403524829,650.6416954075884,337.78366969878186
Random search,0,471,472,2.378983425552745,0.16835149536759303,0.009336810345296282,736.2114715629804,311.51948971157253
Random search,0,472,473,2.378983425552745,0.16835149536759303,0.009336810345296282,736.2114715629804,311.51948971157253
Random search,0,473,474,2.378983425552745,0.16835149536759303,0.009336810345296282,736.2114715629804,311.51948971157253
Random search,0,474,475,2.378983425552745,0.16835149536759303,0.009336810345296282,736.2114715629804,311.51948971157253
Random search,0,475,476,2.378983425552745,0.16835149536759303,0.009336810345296282,736.2114715629804,311.51948971157253
Random search,0,476,477,2.378983425552745,0.16835149536759303,0.009336810345296282,736.2114715629804,311.51948971157253
Random search,0,477,478,2.378983425552745,0.16835149536759303,0.009336810345296282,736.2114715629804,311.51948971157253
Random search,0,478,479,2.378983425552745,0.16835149536759303,0.009336810345296282,736.2114715629804,311.51948971157253
Random search,0,479,480,2.378983425552745,0.16835149536759303,0.009336810345296282,736.2114715629804,311.51948971157253
Random search,0,480,481,2.378983425552745,0.16835149536759303,0.009336810345296282,736.2114715629804,311.51948971157253
Random search,0,481,482,2.378983425552745,0.16835149536759303,0.009336810345296282,736.2114715629804,311.51948971157253
Random search,0,482,483,2.378983425552745,0.16835149536759303,0.009336810345296282,736.2114715629804,311.51948971157253
Random search,0,483,484,2.4401747169506587,0.17187792599182394,0.0,728.562394347036,316.87371112976945
Random search,0,484,485,2.4401747169506587,0.17187792599182394,0.0,728.562394347036,316.87371112976945
Random search,0,485,486,2.4401747169506587,0.17187792599182394,0.0,728.562394347036,316.87371112976945
Random search,0,486,487,2.4401747169506587,0.17187792599182394,0.0,728.562394347036,316.87371112976945
Random search,0,487,488,2.4401747169506587,0.17187792599182394,0.0,728.562394347036,316.87371112976945
Random search,0,488,489,2.4401747169506587,0.17187792599182394,0.0,728.562394347036,316.87371112976945
Random search,0,489,490,2.4401747169506587,0.17187792599182394,0.0,728.562394347036,316.87371112976945
Random search,0,490,491,2.4401747169506587,0.17187792599182394,0.0,728.562394347036,316.87371112976945
Random search,0,491,492,2.4401747169506587,0.17187792599182394,0.0,728.562394347036,316.87371112976945
Random search,0,492,493,2.4401747169506587,0.17187792599182394,0.0,728.562394347036,316.87371112976945
Random search,0,493,494,2.4401747169506587,0.17187792599182394,0.0,728.562394347036,316.87371112976945
Random search,0,494,495,2.4401747169506587,0.17187792599182394,0.0,728.562394347036,316.87371112976945
Random search,0,495,496,2.4401747169506587,0.17187792599182394,0.0,728.562394347036,316.87371112976945
Random search,0,496,497,2.4401747169506587,0.17187792599182394,0.0,728.562394347036,316.87371112976945
Random search,0,497,498,2.4401747169506587,0.17187792599182394,0.0,728.562394347036,316.87371112976945
Random search,0,498,499,2.4401747169506587,0.17187792599182394,0.0,728.562394347036,316.87371112976945
Random search,0,499,500,2.4401747169506587,0.17187792599182394,0.0,728.562394347036,316.87371112976945
Finite difference,0,0,0,2.575429603828175,0.2930929414147329,0.37816491450585676,551.7377814243125,312.7167385252488
Finite difference,0,1,49,0.6784885070431359,0.9166053566438987,0.36021770008616294,1603.2648134677695,228.17533205109055
Finite difference,0,2,96,0.6989452497172486,0.22115463853503559,0.09852257903431917,1548.158404825736,224.71036545429845
Finite difference,0,3,140,-0.028735884276017337,0.07144185788242748,0.006027467924129826,1979.1306025835308,195.03947183075135
Finite difference,0,4,184,0.2361423536201434,0.004067776505651038,0.0007941733934240247,1847.702887631862,208.38452412520056
Finite difference,0,5,228,0.2384891901131434,1.0421878605461711e-05,3.0978185859658333e-07,1845.5701792437742,208.40593693569176
Finite difference,0,6,272,0.23853917372538228,9.55569153274689e-11,2.156852474399784e-11,1845.5458372645,208.40850109898824
Finite difference,0,7,313,0.23853917372538228,9.55569153274689e-11,2.156852474399784e-11,1845.5458372645,208.40850109898824
Finite difference,0,8,313,0.23853917372538228,9.55569153274689e-11,2.156852474399784e-11,1845.5458372645,208.40850109898824
Finite difference,0,9,313,0.23853917372538228,9.55569153274689e-11,2.156852474399784e-11,1845.5458372645,208.40850109898824
Finite difference,0,10,313,0.23853917372538228,9.55569153274689e-11,2.156852474399784e-11,1845.5458372645,208.40850109898824
Finite difference,0,11,313,0.23853917372538228,9.55569153274689e-11,2.156852474399784e-11,1845.5458372645,208.40850109898824
Finite difference,0,12,313,0.23853917372538228,9.55569153274689e-11,2.156852474399784e-11,1845.5458372645,208.40850109898824
Finite difference,0,13,313,0.23853917372538228,9.55569153274689e-11,2.156852474399784e-11,1845.5458372645,208.40850109898824
Finite difference,0,14,313,0.23853917372538228,9.55569153274689e-11,2.156852474399784e-11,1845.5458372645,208.40850109898824
Finite difference,0,15,313,0.23853917372538228,9.55569153274689e-11,2.156852474399784e-11,1845.5458372645,208.40850109898824
Finite difference,0,16,313,0.23853917372538228,9.55569153274689e-11,2.156852474399784e-11,1845.5458372645,208.40850109898824
Finite difference,0,17,313,0.23853917372538228,9.55569153274689e-11,2.156852474399784e-11,1845.5458372645,208.40850109898824
Finite difference,0,18,313,0.23853917372538228,9.55569153274689e-11,2.156852474399784e-11,1845.5458372645,208.40850109898824
Finite difference,0,19,313,0.23853917372538228,9.55569153274689e-11,2.156852474399784e-11,1845.5458372645,208.40850109898824
Finite difference,0,20,313,0.23853917372538228,9.55569153274689e-11,2.156852474399784e-11,1845.5458372645,208.40850109898824
Finite difference,0,21,313,0.23853917372538228,9.55569153274689e-11,2.156852474399784e-11,1845.5458372645,208.40850109898824
Finite difference,0,22,313,0.23853917372538228,9.55569153274689e-11,2.156852474399784e-11,1845.5458372645,208.40850109898824
Finite difference,0,23,313,0.23853917372538228,9.55569153274689e-11,2.156852474399784e-11,1845.5458372645,208.40850109898824
Finite difference,0,24,313,0.23853917372538228,9.55569153274689e-11,2.156852474399784e-11,1845.5458372645,208.40850109898824
Finite difference,0,25,313,0.23853917372538228,9.55569153274689e-11,2.156852474399784e-11,1845.5458372645,208.40850109898824
Finite difference,0,26,313,0.23853917372538228,9.55569153274689e-11,2.156852474399784e-11,1845.5458372645,208.40850109898824
Finite difference,0,27,313,0.23853917372538228,9.55569153274689e-11,2.156852474399784e-11,1845.5458372645,208.40850109898824
Finite difference,0,28,313,0.23853917372538228,9.55569153274689e-11,2.156852474399784e-11,1845.5458372645,208.40850109898824
Finite difference,0,29,313,0.23853917372538228,9.55569153274689e-11,2.156852474399784e-11,1845.5458372645,208.40850109898824
Automatic differentiation,0,0,0,2.575429603828175,0.2930929414147329,0.37816491450585676,551.7377814243125,312.7167385252488
Automatic differentiation,0,1,10,0.6784879673229114,0.916605275843508,0.3602174242231336,1603.2648792445912,228.17528465675025
Automatic differentiation,0,2,18,0.6989453148364816,0.2211547123333203,0.09852258829388268,1548.1583385154122,224.71036533518938
Automatic differentiation,0,3,23,-0.028735784508445127,0.07144191784184584,0.0060274746518114855,1979.1305466021154,195.03947620936702
Automatic differentiation,0,4,28,0.23614232796098422,0.004067783348382466,0.0007941744342396065,1847.7029013003093,208.38452292612936
Automatic differentiation,0,5,33,0.2384891902981506,1.042190517788823e-05,3.097716169030755e-07,1845.570179162396,208.40593694605465
Automatic differentiation,0,6,38,0.2385391737248,9.555595624744459e-11,2.1572373517149874e-11,1845.5458372647754,208.40850109895754
Automatic differentiation,0,7,40,0.2385391737248,9.555595624744459e-11,2.1572373517149874e-11,1845.5458372647754,208.40850109895754
Automatic differentiation,0,8,40,0.2385391737248,9.555595624744459e-11,2.1572373517149874e-11,1845.5458372647754,208.40850109895754
Automatic differentiation,0,9,40,0.2385391737248,9.555595624744459e-11,2.1572373517149874e-11,1845.5458372647754,208.40850109895754
Automatic differentiation,0,10,40,0.2385391737248,9.555595624744459e-11,2.1572373517149874e-11,1845.5458372647754,208.40850109895754
Automatic differentiation,0,11,40,0.2385391737248,9.555595624744459e-11,2.1572373517149874e-11,1845.5458372647754,208.40850109895754
Automatic differentiation,0,12,40,0.2385391737248,9.555595624744459e-11,2.1572373517149874e-11,1845.5458372647754,208.40850109895754
Automatic differentiation,0,13,40,0.2385391737248,9.555595624744459e-11,2.1572373517149874e-11,1845.5458372647754,208.40850109895754
Automatic differentiation,0,14,40,0.2385391737248,9.555595624744459e-11,2.1572373517149874e-11,1845.5458372647754,208.40850109895754
Automatic differentiation,0,15,40,0.2385391737248,9.555595624744459e-11,2.1572373517149874e-11,1845.5458372647754,208.40850109895754
Automatic differentiation,0,16,40,0.2385391737248,9.555595624744459e-11,2.1572373517149874e-11,1845.5458372647754,208.40850109895754
Automatic differentiation,0,17,40,0.2385391737248,9.555595624744459e-11,2.1572373517149874e-11,1845.5458372647754,208.40850109895754
Automatic differentiation,0,18,40,0.2385391737248,9.555595624744459e-11,2.1572373517149874e-11,1845.5458372647754,208.40850109895754
Automatic differentiation,0,19,40,0.2385391737248,9.555595624744459e-11,2.1572373517149874e-11,1845.5458372647754,208.40850109895754
Automatic differentiation,0,20,40,0.2385391737248,9.555595624744459e-11,2.1572373517149874e-11,1845.5458372647754,208.40850109895754
Automatic differentiation,0,21,40,0.2385391737248,9.555595624744459e-11,2.1572373517149874e-11,1845.5458372647754,208.40850109895754
Automatic differentiation,0,22,40,0.2385391737248,9.555595624744459e-11,2.1572373517149874e-11,1845.5458372647754,208.40850109895754
Automatic differentiation,0,23,40,0.2385391737248,9.555595624744459e-11,2.1572373517149874e-11,1845.5458372647754,208.40850109895754
Automatic differentiation,0,24,40,0.2385391737248,9.555595624744459e-11,2.1572373517149874e-11,1845.5458372647754,208.40850109895754
Automatic differentiation,0,25,40,0.2385391737248,9.555595624744459e-11,2.1572373517149874e-11,1845.5458372647754,208.40850109895754
Automatic differentiation,0,26,40,0.2385391737248,9.555595624744459e-11,2.1572373517149874e-11,1845.5458372647754,208.40850109895754
Automatic differentiation,0,27,40,0.2385391737248,9.555595624744459e-11,2.1572373517149874e-11,1845.5458372647754,208.40850109895754
Automatic differentiation,0,28,40,0.2385391737248,9.555595624744459e-11,2.1572373517149874e-11,1845.5458372647754,208.40850109895754
Automatic differentiation,0,29,40,0.2385391737248,9.555595624744459e-11,2.1572373517149874e-11,1845.5458372647754,208.40850109895754
Random search,1,0,1,2.77382481935845,0.280980433830236,0.36547091166337903,525.5046049950624,329.9329424353512
Random search,1,1,2,2.77382481935845,0.280980433830236,0.36547091166337903,525.5046049950624,329.9329424353512
Random search,1,2,3,2.77382481935845,0.280980433830236,0.36547091166337903,525.5046049950624,329.9329424353512
Random search,1,3,4,2.77382481935845,0.280980433830236,0.36547091166337903,525.5046049950624,329.9329424353512
Random search,1,4,5,2.77382481935845,0.280980433830236,0.36547091166337903,525.5046049950624,329.9329424353512
Random search,1,5,6,2.77382481935845,0.280980433830236,0.36547091166337903,525.5046049950624,329.9329424353512
Random search,1,6,7,2.77382481935845,0.280980433830236,0.36547091166337903,525.5046049950624,329.9329424353512
Random search,1,7,8,2.77382481935845,0.280980433830236,0.36547091166337903,525.5046049950624,329.9329424353512
Random search,1,8,9,2.77382481935845,0.280980433830236,0.36547091166337903,525.5046049950624,329.9329424353512
Random search,1,9,10,2.77382481935845,0.280980433830236,0.36547091166337903,525.5046049950624,329.9329424353512
Random search,1,10,11,2.77382481935845,0.280980433830236,0.36547091166337903,525.5046049950624,329.9329424353512
Random search,1,11,12,2.77382481935845,0.280980433830236,0.36547091166337903,525.5046049950624,329.9329424353512
Random search,1,12,13,2.77382481935845,0.280980433830236,0.36547091166337903,525.5046049950624,329.9329424353512
Random search,1,13,14,2.77382481935845,0.280980433830236,0.36547091166337903,525.5046049950624,329.9329424353512
Random search,1,14,15,2.77382481935845,0.280980433830236,0.36547091166337903,525.5046049950624,329.9329424353512
Random search,1,15,16,2.77382481935845,0.280980433830236,0.36547091166337903,525.5046049950624,329.9329424353512
Random search,1,16,17,2.77382481935845,0.280980433830236,0.36547091166337903,525.5046049950624,329.9329424353512
Random search,1,17,18,2.77382481935845,0.280980433830236,0.36547091166337903,525.5046049950624,329.9329424353512
Random search,1,18,19,2.77382481935845,0.280980433830236,0.36547091166337903,525.5046049950624,329.9329424353512
Random search,1,19,20,2.77382481935845,0.280980433830236,0.36547091166337903,525.5046049950624,329.9329424353512
Random search,1,20,21,2.77382481935845,0.280980433830236,0.36547091166337903,525.5046049950624,329.9329424353512
Random search,1,21,22,2.77382481935845,0.280980433830236,0.36547091166337903,525.5046049950624,329.9329424353512
Random search,1,22,23,2.77382481935845,0.280980433830236,0.36547091166337903,525.5046049950624,329.9329424353512
Random search,1,23,24,2.77382481935845,0.280980433830236,0.36547091166337903,525.5046049950624,329.9329424353512
Random search,1,24,25,2.77382481935845,0.280980433830236,0.36547091166337903,525.5046049950624,329.9329424353512
Random search,1,25,26,2.77382481935845,0.280980433830236,0.36547091166337903,525.5046049950624,329.9329424353512
Random search,1,26,27,2.77382481935845,0.280980433830236,0.36547091166337903,525.5046049950624,329.9329424353512
Random search,1,27,28,2.77382481935845,0.280980433830236,0.36547091166337903,525.5046049950624,329.9329424353512
Random search,1,28,29,2.77382481935845,0.280980433830236,0.36547091166337903,525.5046049950624,329.9329424353512
Random search,1,29,30,2.77382481935845,0.280980433830236,0.36547091166337903,525.5046049950624,329.9329424353512
Random search,1,30,31,3.996660316271566,0.30598146219240957,0.23217156447380263,406.4630819336281,440.3123398205194
Random search,1,31,32,3.996660316271566,0.30598146219240957,0.23217156447380263,406.4630819336281,440.3123398205194
Random search,1,32,33,3.996660316271566,0.30598146219240957,0.23217156447380263,406.4630819336281,440.3123398205194
Random search,1,33,34,3.996660316271566,0.30598146219240957,0.23217156447380263,406.4630819336281,440.3123398205194
Random search,1,34,35,3.996660316271566,0.30598146219240957,0.23217156447380263,406.4630819336281,440.3123398205194
Random search,1,35,36,3.996660316271566,0.30598146219240957,0.23217156447380263,406.4630819336281,440.3123398205194
Random search,1,36,37,3.996660316271566,0.30598146219240957,0.23217156447380263,406.4630819336281,440.3123398205194
Random search,1,37,38,3.996660316271566,0.30598146219240957,0.23217156447380263,406.4630819336281,440.3123398205194
Random search,1,38,39,3.996660316271566,0.30598146219240957,0.23217156447380263,406.4630819336281,440.3123398205194
Random search,1,39,40,3.996660316271566,0.30598146219240957,0.23217156447380263,406.4630819336281,440.3123398205194
Random search,1,40,41,3.996660316271566,0.30598146219240957,0.23217156447380263,406.4630819336281,440.3123398205194
Random search,1,41,42,3.996660316271566,0.30598146219240957,0.23217156447380263,406.4630819336281,440.3123398205194
Random search,1,42,43,3.996660316271566,0.30598146219240957,0.23217156447380263,406.4630819336281,440.3123398205194
Random search,1,43,44,3.996660316271566,0.30598146219240957,0.23217156447380263,406.4630819336281,440.3123398205194
Random search,1,44,45,3.996660316271566,0.30598146219240957,0.23217156447380263,406.4630819336281,440.3123398205194
Random search,1,45,46,3.996660316271566,0.30598146219240957,0.23217156447380263,406.4630819336281,440.3123398205194
Random search,1,46,47,3.996660316271566,0.30598146219240957,0.23217156447380263,406.4630819336281,440.3123398205194
Random search,1,47,48,3.996660316271566,0.30598146219240957,0.23217156447380263,406.4630819336281,440.3123398205194
Random search,1,48,49,3.996660316271566,0.30598146219240957,0.23217156447380263,406.4630819336281,440.3123398205194
Random search,1,49,50,3.996660316271566,0.30598146219240957,0.23217156447380263,406.4630819336281,440.3123398205194
Random search,1,50,51,3.996660316271566,0.30598146219240957,0.23217156447380263,406.4630819336281,440.3123398205194
Random search,1,51,52,3.996660316271566,0.30598146219240957,0.23217156447380263,406.4630819336281,440.3123398205194
Random search,1,52,53,3.996660316271566,0.30598146219240957,0.23217156447380263,406.4630819336281,440.3123398205194
Random search,1,53,54,3.996660316271566,0.30598146219240957,0.23217156447380263,406.4630819336281,440.3123398205194
Random search,1,54,55,3.996660316271566,0.30598146219240957,0.23217156447380263,406.4630819336281,440.3123398205194
Random search,1,55,56,3.996660316271566,0.30598146219240957,0.23217156447380263,406.4630819336281,440.3123398205194
Random search,1,56,57,3.996660316271566,0.30598146219240957,0.23217156447380263,406.4630819336281,440.3123398205194
Random search,1,57,58,3.996660316271566,0.30598146219240957,0.23217156447380263,406.4630819336281,440.3123398205194
Random search,1,58,59,3.996660316271566,0.30598146219240957,0.23217156447380263,406.4630819336281,440.3123398205194
Random search,1,59,60,3.996660316271566,0.30598146219240957,0.23217156447380263,406.4630819336281,440.3123398205194
Random search,1,60,61,3.996660316271566,0.30598146219240957,0.23217156447380263,406.4630819336281,440.3123398205194
Random search,1,61,62,3.996660316271566,0.30598146219240957,0.23217156447380263,406.4630819336281,440.3123398205194
Random search,1,62,63,3.996660316271566,0.30598146219240957,0.23217156447380263,406.4630819336281,440.3123398205194
Random search,1,63,64,3.996660316271566,0.30598146219240957,0.23217156447380263,406.4630819336281,440.3123398205194
Random search,1,64,65,3.996660316271566,0.30598146219240957,0.23217156447380263,406.4630819336281,440.3123398205194
Random search,1,65,66,3.996660316271566,0.30598146219240957,0.23217156447380263,406.4630819336281,440.3123398205194
Random search,1,66,67,3.996660316271566,0.30598146219240957,0.23217156447380263,406.4630819336281,440.3123398205194
Random search,1,67,68,3.996660316271566,0.30598146219240957,0.23217156447380263,406.4630819336281,440.3123398205194
Random search,1,68,69,3.996660316271566,0.30598146219240957,0.23217156447380263,406.4630819336281,440.3123398205194
Random search,1,69,70,3.996660316271566,0.30598146219240957,0.23217156447380263,406.4630819336281,440.3123398205194
Random search,1,70,71,3.996660316271566,0.30598146219240957,0.23217156447380263,406.4630819336281,440.3123398205194
Random search,1,71,72,3.996660316271566,0.30598146219240957,0.23217156447380263,406.4630819336281,440.3123398205194
Random search,1,72,73,3.996660316271566,0.30598146219240957,0.23217156447380263,406.4630819336281,440.3123398205194
Random search,1,73,74,3.996660316271566,0.30598146219240957,0.23217156447380263,406.4630819336281,440.3123398205194
Random search,1,74,75,3.996660316271566,0.30598146219240957,0.23217156447380263,406.4630819336281,440.3123398205194
Random search,1,75,76,3.996660316271566,0.30598146219240957,0.23217156447380263,406.4630819336281,440.3123398205194
Random search,1,76,77,3.996660316271566,0.30598146219240957,0.23217156447380263,406.4630819336281,440.3123398205194
Random search,1,77,78,3.996660316271566,0.30598146219240957,0.23217156447380263,406.4630819336281,440.3123398205194
Random search,1,78,79,3.996660316271566,0.30598146219240957,0.23217156447380263,406.4630819336281,440.3123398205194
Random search,1,79,80,3.996660316271566,0.30598146219240957,0.23217156447380263,406.4630819336281,440.3123398205194
Random search,1,80,81,3.996660316271566,0.30598146219240957,0.23217156447380263,406.4630819336281,440.3123398205194
Random search,1,81,82,2.4375994616169483,0.552419516616125,0.0,624.6375554056715,306.22370170226196
Random search,1,82,83,2.4375994616169483,0.552419516616125,0.0,624.6375554056715,306.22370170226196
Random search,1,83,84,2.4375994616169483,0.552419516616125,0.0,624.6375554056715,306.22370170226196
Random search,1,84,85,2.4375994616169483,0.552419516616125,0.0,624.6375554056715,306.22370170226196
Random search,1,85,86,2.4375994616169483,0.552419516616125,0.0,624.6375554056715,306.22370170226196
Random search,1,86,87,2.4375994616169483,0.552419516616125,0.0,624.6375554056715,306.22370170226196
Random search,1,87,88,2.4375994616169483,0.552419516616125,0.0,624.6375554056715,306.22370170226196
Random search,1,88,89,2.4375994616169483,0.552419516616125,0.0,624.6375554056715,306.22370170226196
Random search,1,89,90,2.4375994616169483,0.552419516616125,0.0,624.6375554056715,306.22370170226196
Random search,1,90,91,2.4375994616169483,0.552419516616125,0.0,624.6375554056715,306.22370170226196
Random search,1,91,92,2.4375994616169483,0.552419516616125,0.0,624.6375554056715,306.22370170226196
Random search,1,92,93,2.4375994616169483,0.552419516616125,0.0,624.6375554056715,306.22370170226196
Random search,1,93,94,2.4375994616169483,0.552419516616125,0.0,624.6375554056715,306.22370170226196
Random search,1,94,95,2.4375994616169483,0.552419516616125,0.0,624.6375554056715,306.22370170226196
Random search,1,95,96,2.4375994616169483,0.552419516616125,0.0,624.6375554056715,306.22370170226196
Random search,1,96,97,2.4375994616169483,0.552419516616125,0.0,624.6375554056715,306.22370170226196
Random search,1,97,98,2.4375994616169483,0.552419516616125,0.0,624.6375554056715,306.22370170226196
Random search,1,98,99,2.4375994616169483,0.552419516616125,0.0,624.6375554056715,306.22370170226196
Random search,1,99,100,2.4375994616169483,0.552419516616125,0.0,624.6375554056715,306.22370170226196
Random search,1,100,101,2.4375994616169483,0.552419516616125,0.0,624.6375554056715,306.22370170226196
Random search,1,101,102,2.4375994616169483,0.552419516616125,0.0,624.6375554056715,306.22370170226196
Random search,1,102,103,2.2879055168329114,0.4757315859492342,0.0,651.561344577409,293.94668614103205
Random search,1,103,104,2.2879055168329114,0.4757315859492342,0.0,651.561344577409,293.94668614103205
Random search,1,104,105,2.2879055168329114,0.4757315859492342,0.0,651.561344577409,293.94668614103205
Random search,1,105,106,2.2879055168329114,0.4757315859492342,0.0,651.561344577409,293.94668614103205
Random search,1,106,107,2.2879055168329114,0.4757315859492342,0.0,651.561344577409,293.94668614103205
Random search,1,107,108,2.2879055168329114,0.4757315859492342,0.0,651.561344577409,293.94668614103205
Random search,1,108,109,2.2879055168329114,0.4757315859492342,0.0,651.561344577409,293.94668614103205
Random search,1,109,110,2.2879055168329114,0.4757315859492342,0.0,651.561344577409,293.94668614103205
Random search,1,110,111,3.195155204431144,0.418906072759623,0.0,550.277692502395,374.5432896933539
Random search,1,111,112,3.195155204431144,0.418906072759623,0.0,550.277692502395,374.5432896933539
Random search,1,112,113,3.195155204431144,0.418906072759623,0.0,550.277692502395,374.5432896933539
Random search,1,113,114,3.195155204431144,0.418906072759623,0.0,550.277692502395,374.5432896933539
Random search,1,114,115,3.195155204431144,0.418906072759623,0.0,550.277692502395,374.5432896933539
Random search,1,115,116,3.195155204431144,0.418906072759623,0.0,550.277692502395,374.5432896933539
Random search,1,116,117,3.195155204431144,0.418906072759623,0.0,550.277692502395,374.5432896933539
Random search,1,117,118,3.195155204431144,0.418906072759623,0.0,550.277692502395,374.5432896933539
Random search,1,118,119,3.195155204431144,0.418906072759623,0.0,550.277692502395,374.5432896933539
Random search,1,119,120,3.195155204431144,0.418906072759623,0.0,550.277692502395,374.5432896933539
Random search,1,120,121,3.195155204431144,0.418906072759623,0.0,550.277692502395,374.5432896933539
Random search,1,121,122,3.195155204431144,0.418906072759623,0.0,550.277692502395,374.5432896933539
Random search,1,122,123,3.195155204431144,0.418906072759623,0.0,550.277692502395,374.5432896933539
Random search,1,123,124,3.195155204431144,0.418906072759623,0.0,550.277692502395,374.5432896933539
Random search,1,124,125,3.195155204431144,0.418906072759623,0.0,550.277692502395,374.5432896933539
Random search,1,125,126,3.195155204431144,0.418906072759623,0.0,550.277692502395,374.5432896933539
Random search,1,126,127,3.195155204431144,0.418906072759623,0.0,550.277692502395,374.5432896933539
Random search,1,127,128,3.195155204431144,0.418906072759623,0.0,550.277692502395,374.5432896933539
Random search,1,128,129,3.195155204431144,0.418906072759623,0.0,550.277692502395,374.5432896933539
Random search,1,129,130,3.195155204431144,0.418906072759623,0.0,550.277692502395,374.5432896933539
Random search,1,130,131,3.195155204431144,0.418906072759623,0.0,550.277692502395,374.5432896933539
Random search,1,131,132,3.195155204431144,0.418906072759623,0.0,550.277692502395,374.5432896933539
Random search,1,132,133,3.195155204431144,0.418906072759623,0.0,550.277692502395,374.5432896933539
Random search,1,133,134,3.195155204431144,0.418906072759623,0.0,550.277692502395,374.5432896933539
Random search,1,134,135,3.195155204431144,0.418906072759623,0.0,550.277692502395,374.5432896933539
Random search,1,135,136,3.195155204431144,0.418906072759623,0.0,550.277692502395,374.5432896933539
Random search,1,136,137,3.195155204431144,0.418906072759623,0.0,550.277692502395,374.5432896933539
Random search,1,137,138,3.195155204431144,0.418906072759623,0.0,550.277692502395,374.5432896933539
Random search,1,138,139,3.195155204431144,0.418906072759623,0.0,550.277692502395,374.5432896933539
Random search,1,139,140,3.195155204431144,0.418906072759623,0.0,550.277692502395,374.5432896933539
Random search,1,140,141,2.9704168052665927,0.40268290589748684,0.0,630.003275058558,360.04200803251507
Random search,1,141,142,2.9704168052665927,0.40268290589748684,0.0,630.003275058558,360.04200803251507
Random search,1,142,143,2.9704168052665927,0.40268290589748684,0.0,630.003275058558,360.04200803251507
Random search,1,143,144,2.9704168052665927,0.40268290589748684,0.0,630.003275058558,360.04200803251507
Random search,1,144,145,2.9704168052665927,0.40268290589748684,0.0,630.003275058558,360.04200803251507
Random search,1,145,146,2.9704168052665927,0.40268290589748684,0.0,630.003275058558,360.04200803251507
Random search,1,146,147,2.6440896907122022,0.34898276027945674,0.0,696.7841051496038,334.0873795861806
Random search,1,147,148,2.6440896907122022,0.34898276027945674,0.0,696.7841051496038,334.0873795861806
Random search,1,148,149,2.6440896907122022,0.34898276027945674,0.0,696.7841051496038,334.0873795861806
Random search,1,149,150,2.6440896907122022,0.34898276027945674,0.0,696.7841051496038,334.0873795861806
Random search,1,150,151,2.6440896907122022,0.34898276027945674,0.0,696.7841051496038,334.0873795861806
Random search,1,151,152,2.6440896907122022,0.34898276027945674,0.0,696.7841051496038,334.0873795861806
Random search,1,152,153,2.6440896907122022,0.34898276027945674,0.0,696.7841051496038,334.0873795861806
Random search,1,153,154,2.6440896907122022,0.34898276027945674,0.0,696.7841051496038,334.0873795861806
Random search,1,154,155,2.6440896907122022,0.34898276027945674,0.0,696.7841051496038,334.0873795861806
Random search,1,155,156,2.6440896907122022,0.34898276027945674,0.0,696.7841051496038,334.0873795861806
Random search,1,156,157,2.6440896907122022,0.34898276027945674,0.0,696.7841051496038,334.0873795861806
Random search,1,157,158,2.6440896907122022,0.34898276027945674,0.0,696.7841051496038,334.0873795861806
Random search,1,158,159,2.6440896907122022,0.34898276027945674,0.0,696.7841051496038,334.0873795861806
Random search,1,159,160,2.6440896907122022,0.34898276027945674,0.0,696.7841051496038,334.0873795861806
Random search,1,160,161,2.6440896907122022,0.34898276027945674,0.0,696.7841051496038,334.0873795861806
Random search,1,161,162,2.6440896907122022,0.34898276027945674,0.0,696.7841051496038,334.0873795861806
Random search,1,162,163,2.6440896907122022,0.34898276027945674,0.0,696.7841051496038,334.0873795861806
Random search,1,163,164,2.6440896907122022,0.34898276027945674,0.0,696.7841051496038,334.0873795861806
Random search,1,164,165,2.6440896907122022,0.34898276027945674,0.0,696.7841051496038,334.0873795861806
Random search,1,165,166,2.6440896907122022,0.34898276027945674,0.0,696.7841051496038,334.0873795861806
Random search,1,166,167,2.6440896907122022,0.34898276027945674,0.0,696.7841051496038,334.0873795861806
Random search,1,167,168,2.6440896907122022,0.34898276027945674,0.0,696.7841051496038,334.0873795861806
Random search,1,168,169,2.6440896907122022,0.34898276027945674,0.0,696.7841051496038,334.0873795861806
Random search,1,169,170,2.6440896907122022,0.34898276027945674,0.0,696.7841051496038,334.0873795861806
Random search,1,170,171,2.6440896907122022,0.34898276027945674,0.0,696.7841051496038,334.0873795861806
Random search,1,171,172,2.6440896907122022,0.34898276027945674,0.0,696.7841051496038,334.0873795861806
Random search,1,172,173,2.6440896907122022,0.34898276027945674,0.0,696.7841051496038,334.0873795861806
Random search,1,173,174,2.6440896907122022,0.34898276027945674,0.0,696.7841051496038,334.0873795861806
Random search,1,174,175,2.6440896907122022,0.34898276027945674,0.0,696.7841051496038,334.0873795861806
Random search,1,175,176,2.6440896907122022,0.34898276027945674,0.0,696.7841051496038,334.0873795861806
Random search,1,176,177,2.6440896907122022,0.34898276027945674,0.0,696.7841051496038,334.0873795861806
Random search,1,177,178,2.6440896907122022,0.34898276027945674,0.0,696.7841051496038,334.0873795861806
Random search,1,178,179,2.6440896907122022,0.34898276027945674,0.0,696.7841051496038,334.0873795861806
Random search,1,179,180,2.6440896907122022,0.34898276027945674,0.0,696.7841051496038,334.0873795861806
Random search,1,180,181,2.6440896907122022,0.34898276027945674,0.0,696.7841051496038,334.0873795861806
Random search,1,181,182,2.6440896907122022,0.34898276027945674,0.0,696.7841051496038,334.0873795861806
Random search,1,182,183,2.6440896907122022,0.34898276027945674,0.0,696.7841051496038,334.0873795861806
Random search,1,183,184,2.6440896907122022,0.34898276027945674,0.0,696.7841051496038,334.0873795861806
Random search,1,184,185,2.6440896907122022,0.34898276027945674,0.0,696.7841051496038,334.0873795861806
Random search,1,185,186,2.6440896907122022,0.34898276027945674,0.0,696.7841051496038,334.0873795861806
Random search,1,186,187,2.6440896907122022,0.34898276027945674,0.0,696.7841051496038,334.0873795861806
Random search,1,187,188,2.6440896907122022,0.34898276027945674,0.0,696.7841051496038,334.0873795861806
Random search,1,188,189,2.6440896907122022,0.34898276027945674,0.0,696.7841051496038,334.0873795861806
Random search,1,189,190,2.6440896907122022,0.34898276027945674,0.0,696.7841051496038,334.0873795861806
Random search,1,190,191,2.6440896907122022,0.34898276027945674,0.0,696.7841051496038,334.0873795861806
Random search,1,191,192,2.6440896907122022,0.34898276027945674,0.0,696.7841051496038,334.0873795861806
Random search,1,192,193,2.6440896907122022,0.34898276027945674,0.0,696.7841051496038,334.0873795861806
Random search,1,193,194,2.6440896907122022,0.34898276027945674,0.0,696.7841051496038,334.0873795861806
Random search,1,194,195,2.6440896907122022,0.34898276027945674,0.0,696.7841051496038,334.0873795861806
Random search,1,195,196,2.6440896907122022,0.34898276027945674,0.0,696.7841051496038,334.0873795861806
Random search,1,196,197,2.6440896907122022,0.34898276027945674,0.0,696.7841051496038,334.0873795861806
Random search,1,197,198,2.6440896907122022,0.34898276027945674,0.0,696.7841051496038,334.0873795861806
Random search,1,198,199,2.6440896907122022,0.34898276027945674,0.0,696.7841051496038,334.0873795861806
Random search,1,199,200,2.6440896907122022,0.34898276027945674,0.0,696.7841051496038,334.0873795861806
Random search,1,200,201,2.6440896907122022,0.34898276027945674,0.0,696.7841051496038,334.0873795861806
Random search,1,201,202,2.6440896907122022,0.34898276027945674,0.0,696.7841051496038,334.0873795861806
Random search,1,202,203,2.6440896907122022,0.34898276027945674,0.0,696.7841051496038,334.0873795861806
Random search,1,203,204,2.783313585723645,0.3335923833449946,0.005608707769572795,654.28796920408,343.76015549277247
Random search,1,204,205,2.783313585723645,0.3335923833449946,0.005608707769572795,654.28796920408,343.76015549277247
Random search,1,205,206,2.783313585723645,0.3335923833449946,0.005608707769572795,654.28796920408,343.76015549277247
Random search,1,206,207,2.783313585723645,0.3335923833449946,0.005608707769572795,654.28796920408,343.76015549277247
Random search,1,207,208,2.783313585723645,0.3335923833449946,0.005608707769572795,654.28796920408,343.76015549277247
Random search,1,208,209,2.783313585723645,0.3335923833449946,0.005608707769572795,654.28796920408,343.76015549277247
Random search,1,209,210,2.783313585723645,0.3335923833449946,0.005608707769572795,654.28796920408,343.76015549277247
Random search,1,210,211,2.783313585723645,0.3335923833449946,0.005608707769572795,654.28796920408,343.76015549277247
Random search,1,211,212,2.783313585723645,0.3335923833449946,0.005608707769572795,654.28796920408,343.76015549277247
Random search,1,212,213,2.783313585723645,0.3335923833449946,0.005608707769572795,654.28796920408,343.76015549277247
Random search,1,213,214,2.783313585723645,0.3335923833449946,0.005608707769572795,654.28796920408,343.76015549277247
Random search,1,214,215,2.783313585723645,0.3335923833449946,0.005608707769572795,654.28796920408,343.76015549277247
Random search,1,215,216,2.783313585723645,0.3335923833449946,0.005608707769572795,654.28796920408,343.76015549277247
Random search,1,216,217,2.783313585723645,0.3335923833449946,0.005608707769572795,654.28796920408,343.76015549277247
Random search,1,217,218,2.783313585723645,0.3335923833449946,0.005608707769572795,654.28796920408,343.76015549277247
Random search,1,218,219,2.783313585723645,0.3335923833449946,0.005608707769572795,654.28796920408,343.76015549277247
Random search,1,219,220,1.8641652363990293,0.2802929017273718,0.04095744765518564,811.3944793522548,267.5559715751284
Random search,1,220,221,1.8641652363990293,0.2802929017273718,0.04095744765518564,811.3944793522548,267.5559715751284
Random search,1,221,222,1.8641652363990293,0.2802929017273718,0.04095744765518564,811.3944793522548,267.5559715751284
Random search,1,222,223,1.8641652363990293,0.2802929017273718,0.04095744765518564,811.3944793522548,267.5559715751284
Random search,1,223,224,1.8641652363990293,0.2802929017273718,0.04095744765518564,811.3944793522548,267.5559715751284
Random search,1,224,225,1.8641652363990293,0.2802929017273718,0.04095744765518564,811.3944793522548,267.5559715751284
Random search,1,225,226,1.8641652363990293,0.2802929017273718,0.04095744765518564,811.3944793522548,267.5559715751284
Random search,1,226,227,1.8641652363990293,0.2802929017273718,0.04095744765518564,811.3944793522548,267.5559715751284
Random search,1,227,228,1.8641652363990293,0.2802929017273718,0.04095744765518564,811.3944793522548,267.5559715751284
Random search,1,228,229,1.8641652363990293,0.2802929017273718,0.04095744765518564,811.3944793522548,267.5559715751284
Random search,1,229,230,1.8641652363990293,0.2802929017273718,0.04095744765518564,811.3944793522548,267.5559715751284
Random search,1,230,231,1.8641652363990293,0.2802929017273718,0.04095744765518564,811.3944793522548,267.5559715751284
Random search,1,231,232,1.8641652363990293,0.2802929017273718,0.04095744765518564,811.3944793522548,267.5559715751284
Random search,1,232,233,1.8641652363990293,0.2802929017273718,0.04095744765518564,811.3944793522548,267.5559715751284
Random search,1,233,234,1.8641652363990293,0.2802929017273718,0.04095744765518564,811.3944793522548,267.5559715751284
Random search,1,234,235,1.8641652363990293,0.2802929017273718,0.04095744765518564,811.3944793522548,267.5559715751284
Random search,1,235,236,1.5032463936215197,0.28727636604801776,0.02393149256336698,889.8128509357599,239.30592445572796
Random search,1,236,237,1.5032463936215197,0.28727636604801776,0.02393149256336698,889.8128509357599,239.30592445572796
Random search,1,237,238,1.5032463936215197,0.28727636604801776,0.02393149256336698,889.8128509357599,239.30592445572796
Random search,1,238,239,1.5032463936215197,0.28727636604801776,0.02393149256336698,889.8128509357599,239.30592445572796
Random search,1,239,240,1.5032463936215197,0.28727636604801776,0.02393149256336698,889.8128509357599,239.30592445572796
Random search,1,240,241,1.5032463936215197,0.28727636604801776,0.02393149256336698,889.8128509357599,239.30592445572796
Random search,1,241,242,1.5032463936215197,0.28727636604801776,0.02393149256336698,889.8128509357599,239.30592445572796
Random search,1,242,243,1.5032463936215197,0.28727636604801776,0.02393149256336698,889.8128509357599,239.30592445572796
Random search,1,243,244,1.5032463936215197,0.28727636604801776,0.02393149256336698,889.8128509357599,239.30592445572796
Random search,1,244,245,1.5032463936215197,0.28727636604801776,0.02393149256336698,889.8128509357599,239.30592445572796
Random search,1,245,246,1.5032463936215197,0.28727636604801776,0.02393149256336698,889.8128509357599,239.30592445572796
Random search,1,246,247,1.5032463936215197,0.28727636604801776,0.02393149256336698,889.8128509357599,239.30592445572796
Random search,1,247,248,1.5032463936215197,0.28727636604801776,0.02393149256336698,889.8128509357599,239.30592445572796
Random search,1,248,249,1.5032463936215197,0.28727636604801776,0.02393149256336698,889.8128509357599,239.30592445572796
Random search,1,249,250,1.4073228087476521,0.28885724418235226,0.022675902047110043,925.7792643571684,233.31020731048204
Random search,1,250,251,1.4073228087476521,0.28885724418235226,0.022675902047110043,925.7792643571684,233.31020731048204
Random search,1,251,252,1.4073228087476521,0.28885724418235226,0.022675902047110043,925.7792643571684,233.31020731048204
Random search,1,252,253,1.4073228087476521,0.28885724418235226,0.022675902047110043,925.7792643571684,233.31020731048204
Random search,1,253,254,1.4073228087476521,0.28885724418235226,0.022675902047110043,925.7792643571684,233.31020731048204
Random search,1,254,255,1.4073228087476521,0.28885724418235226,0.022675902047110043,925.7792643571684,233.31020731048204
Random search,1,255,256,1.4073228087476521,0.28885724418235226,0.022675902047110043,925.7792643571684,233.31020731048204
Random search,1,256,257,1.3806697505743524,0.27548908198143063,0.0,936.3713963041188,231.70411468784712
Random search,1,257,258,1.3806697505743524,0.27548908198143063,0.0,936.3713963041188,231.70411468784712
Random search,1,258,259,1.3806697505743524,0.27548908198143063,0.0,936.3713963041188,231.70411468784712
Random search,1,259,260,1.3806697505743524,0.27548908198143063,0.0,936.3713963041188,231.70411468784712
Random search,1,260,261,1.3806697505743524,0.27548908198143063,0.0,936.3713963041188,231.70411468784712
Random search,1,261,262,1.3806697505743524,0.27548908198143063,0.0,936.3713963041188,231.70411468784712
Random search,1,262,263,1.3806697505743524,0.27548908198143063,0.0,936.3713963041188,231.70411468784712
Random search,1,263,264,1.3806697505743524,0.27548908198143063,0.0,936.3713963041188,231.70411468784712
Random search,1,264,265,1.3806697505743524,0.27548908198143063,0.0,936.3713963041188,231.70411468784712
Random search,1,265,266,1.3806697505743524,0.27548908198143063,0.0,936.3713963041188,231.70411468784712
Random search,1,266,267,1.3806697505743524,0.27548908198143063,0.0,936.3713963041188,231.70411468784712
Random search,1,267,268,1.3806697505743524,0.27548908198143063,0.0,936.3713963041188,231.70411468784712
Random search,1,268,269,1.3806697505743524,0.27548908198143063,0.0,936.3713963041188,231.70411468784712
Random search,1,269,270,1.3806697505743524,0.27548908198143063,0.0,936.3713963041188,231.70411468784712
Random search,1,270,271,1.3806697505743524,0.27548908198143063,0.0,936.3713963041188,231.70411468784712
Random search,1,271,272,1.3806697505743524,0.27548908198143063,0.0,936.3713963041188,231.70411468784712
Random search,1,272,273,1.3806697505743524,0.27548908198143063,0.0,936.3713963041188,231.70411468784712
Random search,1,273,274,1.3806697505743524,0.27548908198143063,0.0,936.3713963041188,231.70411468784712
Random search,1,274,275,1.3806697505743524,0.27548908198143063,0.0,936.3713963041188,231.70411468784712
Random search,1,275,276,1.3806697505743524,0.27548908198143063,0.0,936.3713963041188,231.70411468784712
Random search,1,276,277,1.3806697505743524,0.27548908198143063,0.0,936.3713963041188,231.70411468784712
Random search,1,277,278,1.3806697505743524,0.27548908198143063,0.0,936.3713963041188,231.70411468784712
Random search,1,278,279,1.3806697505743524,0.27548908198143063,0.0,936.3713963041188,231.70411468784712
Random search,1,279,280,1.3806697505743524,0.27548908198143063,0.0,936.3713963041188,231.70411468784712
Random search,1,280,281,1.3806697505743524,0.27548908198143063,0.0,936.3713963041188,231.70411468784712
Random search,1,281,282,1.3806697505743524,0.27548908198143063,0.0,936.3713963041188,231.70411468784712
Random search,1,282,283,1.3806697505743524,0.27548908198143063,0.0,936.3713963041188,231.70411468784712
Random search,1,283,284,1.3806697505743524,0.27548908198143063,0.0,936.3713963041188,231.70411468784712
Random search,1,284,285,1.3806697505743524,0.27548908198143063,0.0,936.3713963041188,231.70411468784712
Random search,1,285,286,1.3806697505743524,0.27548908198143063,0.0,936.3713963041188,231.70411468784712
Random search,1,286,287,1.3806697505743524,0.27548908198143063,0.0,936.3713963041188,231.70411468784712
Random search,1,287,288,1.3806697505743524,0.27548908198143063,0.0,936.3713963041188,231.70411468784712
Random search,1,288,289,1.3806697505743524,0.27548908198143063,0.0,936.3713963041188,231.70411468784712
Random search,1,289,290,1.3806697505743524,0.27548908198143063,0.0,936.3713963041188,231.70411468784712
Random search,1,290,291,1.3806697505743524,0.27548908198143063,0.0,936.3713963041188,231.70411468784712
Random search,1,291,292,1.3806697505743524,0.27548908198143063,0.0,936.3713963041188,231.70411468784712
Random search,1,292,293,1.3806697505743524,0.27548908198143063,0.0,936.3713963041188,231.70411468784712
Random search,1,293,294,1.3806697505743524,0.27548908198143063,0.0,936.3713963041188,231.70411468784712
Random search,1,294,295,1.3806697505743524,0.27548908198143063,0.0,936.3713963041188,231.70411468784712
Random search,1,295,296,1.3806697505743524,0.27548908198143063,0.0,936.3713963041188,231.70411468784712
Random search,1,296,297,1.3806697505743524,0.27548908198143063,0.0,936.3713963041188,231.70411468784712
Random search,1,297,298,1.3806697505743524,0.27548908198143063,0.0,936.3713963041188,231.70411468784712
Random search,1,298,299,1.3806697505743524,0.27548908198143063,0.0,936.3713963041188,231.70411468784712
Random search,1,299,300,1.3806697505743524,0.27548908198143063,0.0,936.3713963041188,231.70411468784712
Random search,1,300,301,1.3806697505743524,0.27548908198143063,0.0,936.3713963041188,231.70411468784712
Random search,1,301,302,1.3806697505743524,0.27548908198143063,0.0,936.3713963041188,231.70411468784712
Random search,1,302,303,1.3806697505743524,0.27548908198143063,0.0,936.3713963041188,231.70411468784712
Random search,1,303,304,1.3806697505743524,0.27548908198143063,0.0,936.3713963041188,231.70411468784712
Random search,1,304,305,1.3806697505743524,0.27548908198143063,0.0,936.3713963041188,231.70411468784712
Random search,1,305,306,1.3806697505743524,0.27548908198143063,0.0,936.3713963041188,231.70411468784712
Random search,1,306,307,1.3806697505743524,0.27548908198143063,0.0,936.3713963041188,231.70411468784712
Random search,1,307,308,1.3806697505743524,0.27548908198143063,0.0,936.3713963041188,231.70411468784712
Random search,1,308,309,1.3806697505743524,0.27548908198143063,0.0,936.3713963041188,231.70411468784712
Random search,1,309,310,1.3806697505743524,0.27548908198143063,0.0,936.3713963041188,231.70411468784712
Random search,1,310,311,1.3806697505743524,0.27548908198143063,0.0,936.3713963041188,231.70411468784712
Random search,1,311,312,1.3806697505743524,0.27548908198143063,0.0,936.3713963041188,231.70411468784712
Random search,1,312,313,1.3806697505743524,0.27548908198143063,0.0,936.3713963041188,231.70411468784712
Random search,1,313,314,1.3806697505743524,0.27548908198143063,0.0,936.3713963041188,231.70411468784712
Random search,1,314,315,1.3806697505743524,0.27548908198143063,0.0,936.3713963041188,231.70411468784712
Random search,1,315,316,1.3806697505743524,0.27548908198143063,0.0,936.3713963041188,231.70411468784712
Random search,1,316,317,1.3806697505743524,0.27548908198143063,0.0,936.3713963041188,231.70411468784712
Random search,1,317,318,1.3806697505743524,0.27548908198143063,0.0,936.3713963041188,231.70411468784712
Random search,1,318,319,1.3806697505743524,0.27548908198143063,0.0,936.3713963041188,231.70411468784712
Random search,1,319,320,1.3806697505743524,0.27548908198143063,0.0,936.3713963041188,231.70411468784712
Random search,1,320,321,1.3806697505743524,0.27548908198143063,0.0,936.3713963041188,231.70411468784712
Random search,1,321,322,1.3806697505743524,0.27548908198143063,0.0,936.3713963041188,231.70411468784712
Random search,1,322,323,1.3806697505743524,0.27548908198143063,0.0,936.3713963041188,231.70411468784712
Random search,1,323,324,1.3806697505743524,0.27548908198143063,0.0,936.3713963041188,231.70411468784712
Random search,1,324,325,1.3806697505743524,0.27548908198143063,0.0,936.3713963041188,231.70411468784712
Random search,1,325,326,1.3806697505743524,0.27548908198143063,0.0,936.3713963041188,231.70411468784712
Random search,1,326,327,1.3806697505743524,0.27548908198143063,0.0,936.3713963041188,231.70411468784712
Random search,1,327,328,1.3806697505743524,0.27548908198143063,0.0,936.3713963041188,231.70411468784712
Random search,1,328,329,1.3806697505743524,0.27548908198143063,0.0,936.3713963041188,231.70411468784712
Random search,1,329,330,1.3806697505743524,0.27548908198143063,0.0,936.3713963041188,231.70411468784712
Random search,1,330,331,1.3806697505743524,0.27548908198143063,0.0,936.3713963041188,231.70411468784712
Random search,1,331,332,1.3806697505743524,0.27548908198143063,0.0,936.3713963041188,231.70411468784712
Random search,1,332,333,1.3806697505743524,0.27548908198143063,0.0,936.3713963041188,231.70411468784712
Random search,1,333,334,1.3806697505743524,0.27548908198143063,0.0,936.3713963041188,231.70411468784712
Random search,1,334,335,1.3806697505743524,0.27548908198143063,0.0,936.3713963041188,231.70411468784712
Random search,1,335,336,1.3806697505743524,0.27548908198143063,0.0,936.3713963041188,231.70411468784712
Random search,1,336,337,1.3806697505743524,0.27548908198143063,0.0,936.3713963041188,231.70411468784712
Random search,1,337,338,1.3806697505743524,0.27548908198143063,0.0,936.3713963041188,231.70411468784712
Random search,1,338,339,1.3806697505743524,0.27548908198143063,0.0,936.3713963041188,231.70411468784712
Random search,1,339,340,1.3806697505743524,0.27548908198143063,0.0,936.3713963041188,231.70411468784712
Random search,1,340,341,1.3806697505743524,0.27548908198143063,0.0,936.3713963041188,231.70411468784712
Random search,1,341,342,1.3806697505743524,0.27548908198143063,0.0,936.3713963041188,231.70411468784712
Random search,1,342,343,1.3806697505743524,0.27548908198143063,0.0,936.3713963041188,231.70411468784712
Random search,1,343,344,1.3806697505743524,0.27548908198143063,0.0,936.3713963041188,231.70411468784712
Random search,1,344,345,1.3806697505743524,0.27548908198143063,0.0,936.3713963041188,231.70411468784712
Random search,1,345,346,1.6059610787950345,0.26547692836369635,0.0,880.7855952878516,248.6746674082886
Random search,1,346,347,1.6059610787950345,0.26547692836369635,0.0,880.7855952878516,248.6746674082886
Random search,1,347,348,1.6059610787950345,0.26547692836369635,0.0,880.7855952878516,248.6746674082886
Random search,1,348,349,1.6059610787950345,0.26547692836369635,0.0,880.7855952878516,248.6746674082886
Random search,1,349,350,1.6059610787950345,0.26547692836369635,0.0,880.7855952878516,248.6746674082886
Random search,1,350,351,1.6059610787950345,0.26547692836369635,0.0,880.7855952878516,248.6746674082886
Random search,1,351,352,1.6059610787950345,0.26547692836369635,0.0,880.7855952878516,248.6746674082886
Random search,1,352,353,1.6059610787950345,0.26547692836369635,0.0,880.7855952878516,248.6746674082886
Random search,1,353,354,1.6059610787950345,0.26547692836369635,0.0,880.7855952878516,248.6746674082886
Random search,1,354,355,1.6059610787950345,0.26547692836369635,0.0,880.7855952878516,248.6746674082886
Random search,1,355,356,1.6059610787950345,0.26547692836369635,0.0,880.7855952878516,248.6746674082886
Random search,1,356,357,1.6059610787950345,0.26547692836369635,0.0,880.7855952878516,248.6746674082886
Random search,1,357,358,1.6059610787950345,0.26547692836369635,0.0,880.7855952878516,248.6746674082886
Random search,1,358,359,1.6059610787950345,0.26547692836369635,0.0,880.7855952878516,248.6746674082886
Random search,1,359,360,1.6059610787950345,0.26547692836369635,0.0,880.7855952878516,248.6746674082886
Random search,1,360,361,1.6059610787950345,0.26547692836369635,0.0,880.7855952878516,248.6746674082886
Random search,1,361,362,1.6059610787950345,0.26547692836369635,0.0,880.7855952878516,248.6746674082886
Random search,1,362,363,1.6059610787950345,0.26547692836369635,0.0,880.7855952878516,248.6746674082886
Random search,1,363,364,1.6059610787950345,0.26547692836369635,0.0,880.7855952878516,248.6746674082886
Random search,1,364,365,1.6059610787950345,0.26547692836369635,0.0,880.7855952878516,248.6746674082886
Random search,1,365,366,1.6059610787950345,0.26547692836369635,0.0,880.7855952878516,248.6746674082886
Random search,1,366,367,1.6059610787950345,0.26547692836369635,0.0,880.7855952878516,248.6746674082886
Random search,1,367,368,1.6059610787950345,0.26547692836369635,0.0,880.7855952878516,248.6746674082886
Random search,1,368,369,1.6059610787950345,0.26547692836369635,0.0,880.7855952878516,248.6746674082886
Random search,1,369,370,1.6059610787950345,0.26547692836369635,0.0,880.7855952878516,248.6746674082886
Random search,1,370,371,1.6059610787950345,0.26547692836369635,0.0,880.7855952878516,248.6746674082886
Random search,1,371,372,1.6059610787950345,0.26547692836369635,0.0,880.7855952878516,248.6746674082886
Random search,1,372,373,1.6059610787950345,0.26547692836369635,0.0,880.7855952878516,248.6746674082886
Random search,1,373,374,1.6059610787950345,0.26547692836369635,0.0,880.7855952878516,248.6746674082886
Random search,1,374,375,1.6059610787950345,0.26547692836369635,0.0,880.7855952878516,248.6746674082886
Random search,1,375,376,1.6059610787950345,0.26547692836369635,0.0,880.7855952878516,248.6746674082886
Random search,1,376,377,1.6059610787950345,0.26547692836369635,0.0,880.7855952878516,248.6746674082886
Random search,1,377,378,1.6059610787950345,0.26547692836369635,0.0,880.7855952878516,248.6746674082886
Random search,1,378,379,1.6059610787950345,0.26547692836369635,0.0,880.7855952878516,248.6746674082886
Random search,1,379,380,1.6059610787950345,0.26547692836369635,0.0,880.7855952878516,248.6746674082886
Random search,1,380,381,1.6059610787950345,0.26547692836369635,0.0,880.7855952878516,248.6746674082886
Random search,1,381,382,1.6059610787950345,0.26547692836369635,0.0,880.7855952878516,248.6746674082886
Random search,1,382,383,1.6059610787950345,0.26547692836369635,0.0,880.7855952878516,248.6746674082886
Random search,1,383,384,1.6059610787950345,0.26547692836369635,0.0,880.7855952878516,248.6746674082886
Random search,1,384,385,1.5638939539049073,0.2551903749268541,0.0,894.0170802632975,245.79110341682048
Random search,1,385,386,1.5638939539049073,0.2551903749268541,0.0,894.0170802632975,245.79110341682048
Random search,1,386,387,1.5638939539049073,0.2551903749268541,0.0,894.0170802632975,245.79110341682048
Random search,1,387,388,1.5638939539049073,0.2551903749268541,0.0,894.0170802632975,245.79110341682048
Random search,1,388,389,1.5638939539049073,0.2551903749268541,0.0,894.0170802632975,245.79110341682048
Random search,1,389,390,1.5638939539049073,0.2551903749268541,0.0,894.0170802632975,245.79110341682048
Random search,1,390,391,1.5638939539049073,0.2551903749268541,0.0,894.0170802632975,245.79110341682048
Random search,1,391,392,1.5638939539049073,0.2551903749268541,0.0,894.0170802632975,245.79110341682048
Random search,1,392,393,1.5638939539049073,0.2551903749268541,0.0,894.0170802632975,245.79110341682048
Random search,1,393,394,1.5638939539049073,0.2551903749268541,0.0,894.0170802632975,245.79110341682048
Random search,1,394,395,1.5638939539049073,0.2551903749268541,0.0,894.0170802632975,245.79110341682048
Random search,1,395,396,1.5638939539049073,0.2551903749268541,0.0,894.0170802632975,245.79110341682048
Random search,1,396,397,1.5638939539049073,0.2551903749268541,0.0,894.0170802632975,245.79110341682048
Random search,1,397,398,1.675295002382458,0.24087817739520365,0.0,866.429994776223,254.1724997158681
Random search,1,398,399,1.675295002382458,0.24087817739520365,0.0,866.429994776223,254.1724997158681
Random search,1,399,400,1.675295002382458,0.24087817739520365,0.0,866.429994776223,254.1724997158681
Random search,1,400,401,1.675295002382458,0.24087817739520365,0.0,866.429994776223,254.1724997158681
Random search,1,401,402,1.675295002382458,0.24087817739520365,0.0,866.429994776223,254.1724997158681
Random search,1,402,403,1.675295002382458,0.24087817739520365,0.0,866.429994776223,254.1724997158681
Random search,1,403,404,1.675295002382458,0.24087817739520365,0.0,866.429994776223,254.1724997158681
Random search,1,404,405,1.675295002382458,0.24087817739520365,0.0,866.429994776223,254.1724997158681
Random search,1,405,406,1.675295002382458,0.24087817739520365,0.0,866.429994776223,254.1724997158681
Random search,1,406,407,1.675295002382458,0.24087817739520365,0.0,866.429994776223,254.1724997158681
Random search,1,407,408,1.675295002382458,0.24087817739520365,0.0,866.429994776223,254.1724997158681
Random search,1,408,409,1.675295002382458,0.24087817739520365,0.0,866.429994776223,254.1724997158681
Random search,1,409,410,1.675295002382458,0.24087817739520365,0.0,866.429994776223,254.1724997158681
Random search,1,410,411,1.675295002382458,0.24087817739520365,0.0,866.429994776223,254.1724997158681
Random search,1,411,412,1.675295002382458,0.24087817739520365,0.0,866.429994776223,254.1724997158681
Random search,1,412,413,1.675295002382458,0.24087817739520365,0.0,866.429994776223,254.1724997158681
Random search,1,413,414,1.675295002382458,0.24087817739520365,0.0,866.429994776223,254.1724997158681
Random search,1,414,415,1.675295002382458,0.24087817739520365,0.0,866.429994776223,254.1724997158681
Random search,1,415,416,1.675295002382458,0.24087817739520365,0.0,866.429994776223,254.1724997158681
Random search,1,416,417,1.675295002382458,0.24087817739520365,0.0,866.429994776223,254.1724997158681
Random search,1,417,418,1.675295002382458,0.24087817739520365,0.0,866.429994776223,254.1724997158681
Random search,1,418,419,1.675295002382458,0.24087817739520365,0.0,866.429994776223,254.1724997158681
Random search,1,419,420,1.675295002382458,0.24087817739520365,0.0,866.429994776223,254.1724997158681
Random search,1,420,421,1.675295002382458,0.24087817739520365,0.0,866.429994776223,254.1724997158681
Random search,1,421,422,1.675295002382458,0.24087817739520365,0.0,866.429994776223,254.1724997158681
Random search,1,422,423,1.675295002382458,0.24087817739520365,0.0,866.429994776223,254.1724997158681
Random search,1,423,424,1.675295002382458,0.24087817739520365,0.0,866.429994776223,254.1724997158681
Random search,1,424,425,1.675295002382458,0.24087817739520365,0.0,866.429994776223,254.1724997158681
Random search,1,425,426,1.682797526953292,0.239121846117317,0.0,885.7548323571854,256.85523593104773
Random search,1,426,427,1.682797526953292,0.239121846117317,0.0,885.7548323571854,256.85523593104773
Random search,1,427,428,1.682797526953292,0.239121846117317,0.0,885.7548323571854,256.85523593104773
Random search,1,428,429,1.682797526953292,0.239121846117317,0.0,885.7548323571854,256.85523593104773
Random search,1,429,430,1.682797526953292,0.239121846117317,0.0,885.7548323571854,256.85523593104773
Random search,1,430,431,1.528213441380524,0.22763930497003387,0.0,954.4209693325761,248.26344107131
Random search,1,431,432,1.528213441380524,0.22763930497003387,0.0,954.4209693325761,248.26344107131
Random search,1,432,433,1.528213441380524,0.22763930497003387,0.0,954.4209693325761,248.26344107131
Random search,1,433,434,1.528213441380524,0.22763930497003387,0.0,954.4209693325761,248.26344107131
Random search,1,434,435,1.528213441380524,0.22763930497003387,0.0,954.4209693325761,248.26344107131
Random search,1,435,436,1.528213441380524,0.22763930497003387,0.0,954.4209693325761,248.26344107131
Random search,1,436,437,1.528213441380524,0.22763930497003387,0.0,954.4209693325761,248.26344107131
Random search,1,437,438,1.528213441380524,0.22763930497003387,0.0,954.4209693325761,248.26344107131
Random search,1,438,439,1.528213441380524,0.22763930497003387,0.0,954.4209693325761,248.26344107131
Random search,1,439,440,1.528213441380524,0.22763930497003387,0.0,954.4209693325761,248.26344107131
Random search,1,440,441,1.528213441380524,0.22763930497003387,0.0,954.4209693325761,248.26344107131
Random search,1,441,442,1.528213441380524,0.22763930497003387,0.0,954.4209693325761,248.26344107131
Random search,1,442,443,1.528213441380524,0.22763930497003387,0.0,954.4209693325761,248.26344107131
Random search,1,443,444,1.528213441380524,0.22763930497003387,0.0,954.4209693325761,248.26344107131
Random search,1,444,445,1.528213441380524,0.22763930497003387,0.0,954.4209693325761,248.26344107131
Random search,1,445,446,1.528213441380524,0.22763930497003387,0.0,954.4209693325761,248.26344107131
Random search,1,446,447,1.528213441380524,0.22763930497003387,0.0,954.4209693325761,248.26344107131
Random search,1,447,448,1.528213441380524,0.22763930497003387,0.0,954.4209693325761,248.26344107131
Random search,1,448,449,1.528213441380524,0.22763930497003387,0.0,954.4209693325761,248.26344107131
Random search,1,449,450,1.528213441380524,0.22763930497003387,0.0,954.4209693325761,248.26344107131
Random search,1,450,451,1.528213441380524,0.22763930497003387,0.0,954.4209693325761,248.26344107131
Random search,1,451,452,1.528213441380524,0.22763930497003387,0.0,954.4209693325761,248.26344107131
Random search,1,452,453,1.528213441380524,0.22763930497003387,0.0,954.4209693325761,248.26344107131
Random search,1,453,454,1.528213441380524,0.22763930497003387,0.0,954.4209693325761,248.26344107131
Random search,1,454,455,1.528213441380524,0.22763930497003387,0.0,954.4209693325761,248.26344107131
Random search,1,455,456,1.7679651775677185,0.21763078882145237,0.0,892.4885767909369,266.04537543586554
Random search,1,456,457,1.7679651775677185,0.21763078882145237,0.0,892.4885767909369,266.04537543586554
Random search,1,457,458,1.7679651775677185,0.21763078882145237,0.0,892.4885767909369,266.04537543586554
Random search,1,458,459,1.7679651775677185,0.21763078882145237,0.0,892.4885767909369,266.04537543586554
Random search,1,459,460,1.7679651775677185,0.21763078882145237,0.0,892.4885767909369,266.04537543586554
Random search,1,460,461,1.7679651775677185,0.21763078882145237,0.0,892.4885767909369,266.04537543586554
Random search,1,461,462,1.7679651775677185,0.21763078882145237,0.0,892.4885767909369,266.04537543586554
Random search,1,462,463,1.7679651775677185,0.21763078882145237,0.0,892.4885767909369,266.04537543586554
Random search,1,463,464,1.7679651775677185,0.21763078882145237,0.0,892.4885767909369,266.04537543586554
Random search,1,464,465,1.7679651775677185,0.21763078882145237,0.0,892.4885767909369,266.04537543586554
Random search,1,465,466,1.7679651775677185,0.21763078882145237,0.0,892.4885767909369,266.04537543586554
Random search,1,466,467,1.7679651775677185,0.21763078882145237,0.0,892.4885767909369,266.04537543586554
Random search,1,467,468,1.7679651775677185,0.21763078882145237,0.0,892.4885767909369,266.04537543586554
Random search,1,468,469,1.7679651775677185,0.21763078882145237,0.0,892.4885767909369,266.04537543586554
Random search,1,469,470,1.7679651775677185,0.21763078882145237,0.0,892.4885767909369,266.04537543586554
Random search,1,470,471,1.7679651775677185,0.21763078882145237,0.0,892.4885767909369,266.04537543586554
Random search,1,471,472,1.7679651775677185,0.21763078882145237,0.0,892.4885767909369,266.04537543586554
Random search,1,472,473,1.7679651775677185,0.21763078882145237,0.0,892.4885767909369,266.04537543586554
Random search,1,473,474,1.7679651775677185,0.21763078882145237,0.0,892.4885767909369,266.04537543586554
Random search,1,474,475,1.7679651775677185,0.21763078882145237,0.0,892.4885767909369,266.04537543586554
Random search,1,475,476,1.7679651775677185,0.21763078882145237,0.0,892.4885767909369,266.04537543586554
Random search,1,476,477,1.7679651775677185,0.21763078882145237,0.0,892.4885767909369,266.04537543586554
Random search,1,477,478,1.7679651775677185,0.21763078882145237,0.0,892.4885767909369,266.04537543586554
Random search,1,478,479,1.7679651775677185,0.21763078882145237,0.0,892.4885767909369,266.04537543586554
Random search,1,479,480,1.7679651775677185,0.21763078882145237,0.0,892.4885767909369,266.04537543586554
Random search,1,480,481,1.7679651775677185,0.21763078882145237,0.0,892.4885767909369,266.04537543586554
Random search,1,481,482,1.7679651775677185,0.21763078882145237,0.0,892.4885767909369,266.04537543586554
Random search,1,482,483,1.7679651775677185,0.21763078882145237,0.0,892.4885767909369,266.04537543586554
Random search,1,483,484,1.7679651775677185,0.21763078882145237,0.0,892.4885767909369,266.04537543586554
Random search,1,484,485,1.7679651775677185,0.21763078882145237,0.0,892.4885767909369,266.04537543586554
Random search,1,485,486,1.7679651775677185,0.21763078882145237,0.0,892.4885767909369,266.04537543586554
Random search,1,486,487,1.7679651775677185,0.21763078882145237,0.0,892.4885767909369,266.04537543586554
Random search,1,487,488,1.7679651775677185,0.21763078882145237,0.0,892.4885767909369,266.04537543586554
Random search,1,488,489,1.7679651775677185,0.21763078882145237,0.0,892.4885767909369,266.04537543586554
Random search,1,489,490,1.7679651775677185,0.21763078882145237,0.0,892.4885767909369,266.04537543586554
Random search,1,490,491,1.7679651775677185,0.21763078882145237,0.0,892.4885767909369,266.04537543586554
Random search,1,491,492,1.7679651775677185,0.21763078882145237,0.0,892.4885767909369,266.04537543586554
Random search,1,492,493,1.7679651775677185,0.21763078882145237,0.0,892.4885767909369,266.04537543586554
Random search,1,493,494,1.7679651775677185,0.21763078882145237,0.0,892.4885767909369,266.04537543586554
Random search,1,494,495,1.7679651775677185,0.21763078882145237,0.0,892.4885767909369,266.04537543586554
Random search,1,495,496,1.7679651775677185,0.21763078882145237,0.0,892.4885767909369,266.04537543586554
Random search,1,496,497,1.7679651775677185,0.21763078882145237,0.0,892.4885767909369,266.04537543586554
Random search,1,497,498,1.7679651775677185,0.21763078882145237,0.0,892.4885767909369,266.04537543586554
Random search,1,498,499,1.7679651775677185,0.21763078882145237,0.0,892.4885767909369,266.04537543586554
Random search,1,499,500,1.8131458016049833,0.21528939493007826,0.0,871.6422233479296,268.4788024952913
Finite difference,1,0,0,2.77382481935845,0.280980433830236,0.36547091166337903,525.5046049950624,329.9329424353512
Finite difference,1,1,49,0.7385875708062731,0.9101397631014855,0.36480830629112754,1580.0230409567475,231.86106117630206
Finite difference,1,2,96,0.8021614326081686,0.20313217984976298,0.09508313877417508,1492.4834152128005,229.46448478209692
Finite difference,1,3,140,-0.00846557454873825,0.07634762481694667,0.007116043187328999,1969.3297766689188,196.08642021201806
Finite difference,1,4,184,0.23441033588949123,0.004731627482463382,0.0009161762295544957,1848.684354414672,208.30946903041632
Finite difference,1,5,228,0.2384691524856971,1.4392307844860086e-05,4.151421947564875e-07,1845.5801261658587,208.40492786515557
Finite difference,1,6,272,0.23853917373366457,1.7184692199266368e-10,4.237380816600004e-11,1845.5458372770054,208.408501101067
Finite difference,1,7,316,0.23853917366602284,1.2620710010322288e-14,0.0,1845.5458372768237,208.40850109428465
Finite difference,1,8,316,0.23853917366602284,1.2620710010322288e-14,0.0,1845.5458372768237,208.40850109428465
Finite difference,1,9,316,0.23853917366602284,1.2620710010322288e-14,0.0,1845.5458372768237,208.40850109428465
Finite difference,1,10,316,0.23853917366602284,1.2620710010322288e-14,0.0,1845.5458372768237,208.40850109428465
Finite difference,1,11,316,0.23853917366602284,1.2620710010322288e-14,0.0,1845.5458372768237,208.40850109428465
Finite difference,1,12,316,0.23853917366602284,1.2620710010322288e-14,0.0,1845.5458372768237,208.40850109428465
Finite difference,1,13,316,0.23853917366602284,1.2620710010322288e-14,0.0,1845.5458372768237,208.40850109428465
Finite difference,1,14,316,0.23853917366602284,1.2620710010322288e-14,0.0,1845.5458372768237,208.40850109428465
Finite difference,1,15,316,0.23853917366602284,1.2620710010322288e-14,0.0,1845.5458372768237,208.40850109428465
Finite difference,1,16,316,0.23853917366602284,1.2620710010322288e-14,0.0,1845.5458372768237,208.40850109428465
Finite difference,1,17,316,0.23853917366602284,1.2620710010322288e-14,0.0,1845.5458372768237,208.40850109428465
Finite difference,1,18,316,0.23853917366602284,1.2620710010322288e-14,0.0,1845.5458372768237,208.40850109428465
Finite difference,1,19,316,0.23853917366602284,1.2620710010322288e-14,0.0,1845.5458372768237,208.40850109428465
Finite difference,1,20,316,0.23853917366602284,1.2620710010322288e-14,0.0,1845.5458372768237,208.40850109428465
Finite difference,1,21,316,0.23853917366602284,1.2620710010322288e-14,0.0,1845.5458372768237,208.40850109428465
Finite difference,1,22,316,0.23853917366602284,1.2620710010322288e-14,0.0,1845.5458372768237,208.40850109428465
Finite difference,1,23,316,0.23853917366602284,1.2620710010322288e-14,0.0,1845.5458372768237,208.40850109428465
Finite difference,1,24,316,0.23853917366602284,1.2620710010322288e-14,0.0,1845.5458372768237,208.40850109428465
Finite difference,1,25,316,0.23853917366602284,1.2620710010322288e-14,0.0,1845.5458372768237,208.40850109428465
Finite difference,1,26,316,0.23853917366602284,1.2620710010322288e-14,0.0,1845.5458372768237,208.40850109428465
Finite difference,1,27,316,0.23853917366602284,1.2620710010322288e-14,0.0,1845.5458372768237,208.40850109428465
Finite difference,1,28,316,0.23853917366602284,1.2620710010322288e-14,0.0,1845.5458372768237,208.40850109428465
Finite difference,1,29,316,0.23853917366602284,1.2620710010322288e-14,0.0,1845.5458372768237,208.40850109428465
Automatic differentiation,1,0,0,2.77382481935845,0.280980433830236,0.36547091166337903,525.5046049950624,329.9329424353512
Automatic differentiation,1,1,10,0.7385869819613238,0.9101396631481574,0.3648080119057785,1580.023133340989,231.86101153023128
Automatic differentiation,1,2,18,0.8021615581356332,0.20313226070323545,0.09508314336803504,1492.483337784785,229.46448959204182
Automatic differentiation,1,3,23,-0.008465452636010869,0.07634769172007683,0.007116047733945664,1969.329711579131,196.08642589431201
Automatic differentiation,1,4,28,0.23441029982390477,0.004731638476735537,0.0009161793875653856,1848.6843734877946,208.30946733116994
Automatic differentiation,1,5,33,0.23846915248240172,1.439232022095819e-05,4.151627911625964e-07,1845.5801261601675,208.40492786425693
Automatic differentiation,1,6,38,0.2385391737341234,1.720227683042493e-10,4.235856110312852e-11,1845.5458372767246,208.4085011010848
Automatic differentiation,1,7,43,0.2385391736659727,3.4207672505042095e-14,1.7503473520951162e-14,1845.5458372768576,208.40850109428303
Automatic differentiation,1,8,43,0.2385391736659727,3.4207672505042095e-14,1.7503473520951162e-14,1845.5458372768576,208.40850109428303
Automatic differentiation,1,9,43,0.2385391736659727,3.4207672505042095e-14,1.7503473520951162e-14,1845.5458372768576,208.40850109428303
Automatic differentiation,1,10,43,0.2385391736659727,3.4207672505042095e-14,1.7503473520951162e-14,1845.5458372768576,208.40850109428303
Automatic differentiation,1,11,43,0.2385391736659727,3.4207672505042095e-14,1.7503473520951162e-14,1845.5458372768576,208.40850109428303
Automatic differentiation,1,12,43,0.2385391736659727,3.4207672505042095e-14,1.7503473520951162e-14,1845.5458372768576,208.40850109428303
Automatic differentiation,1,13,43,0.2385391736659727,3.4207672505042095e-14,1.7503473520951162e-14,1845.5458372768576,208.40850109428303
Automatic differentiation,1,14,43,0.2385391736659727,3.4207672505042095e-14,1.7503473520951162e-14,1845.5458372768576,208.40850109428303
Automatic differentiation,1,15,43,0.2385391736659727,3.4207672505042095e-14,1.7503473520951162e-14,1845.5458372768576,208.40850109428303
Automatic differentiation,1,16,43,0.2385391736659727,3.4207672505042095e-14,1.7503473520951162e-14,1845.5458372768576,208.40850109428303
Automatic differentiation,1,17,43,0.2385391736659727,3.4207672505042095e-14,1.7503473520951162e-14,1845.5458372768576,208.40850109428303
Automatic differentiation,1,18,43,0.2385391736659727,3.4207672505042095e-14,1.7503473520951162e-14,1845.5458372768576,208.40850109428303
Automatic differentiation,1,19,43,0.2385391736659727,3.4207672505042095e-14,1.7503473520951162e-14,1845.5458372768576,208.40850109428303
Automatic differentiation,1,20,43,0.2385391736659727,3.4207672505042095e-14,1.7503473520951162e-14,1845.5458372768576,208.40850109428303
Automatic differentiation,1,21,43,0.2385391736659727,3.4207672505042095e-14,1.7503473520951162e-14,1845.5458372768576,208.40850109428303
Automatic differentiation,1,22,43,0.2385391736659727,3.4207672505042095e-14,1.7503473520951162e-14,1845.5458372768576,208.40850109428303
Automatic differentiation,1,23,43,0.2385391736659727,3.4207672505042095e-14,1.7503473520951162e-14,1845.5458372768576,208.40850109428303
Automatic differentiation,1,24,43,0.2385391736659727,3.4207672505042095e-14,1.7503473520951162e-14,1845.5458372768576,208.40850109428303
Automatic differentiation,1,25,43,0.2385391736659727,3.4207672505042095e-14,1.7503473520951162e-14,1845.5458372768576,208.40850109428303
Automatic differentiation,1,26,43,0.2385391736659727,3.4207672505042095e-14,1.7503473520951162e-14,1845.5458372768576,208.40850109428303
Automatic differentiation,1,27,43,0.2385391736659727,3.4207672505042095e-14,1.7503473520951162e-14,1845.5458372768576,208.40850109428303
Automatic differentiation,1,28,43,0.2385391736659727,3.4207672505042095e-14,1.7503473520951162e-14,1845.5458372768576,208.40850109428303
Automatic differentiation,1,29,43,0.2385391736659727,3.4207672505042095e-14,1.7503473520951162e-14,1845.5458372768576,208.40850109428303
Random search,2,0,1,2.888286127197556,0.2820495138188152,0.4541904864824954,509.13424441958597,339.74203716171417
Random search,2,1,2,2.888286127197556,0.2820495138188152,0.4541904864824954,509.13424441958597,339.74203716171417
Random search,2,2,3,2.888286127197556,0.2820495138188152,0.4541904864824954,509.13424441958597,339.74203716171417
Random search,2,3,4,2.888286127197556,0.2820495138188152,0.4541904864824954,509.13424441958597,339.74203716171417
Random search,2,4,5,2.888286127197556,0.2820495138188152,0.4541904864824954,509.13424441958597,339.74203716171417
Random search,2,5,6,2.888286127197556,0.2820495138188152,0.4541904864824954,509.13424441958597,339.74203716171417
Random search,2,6,7,2.888286127197556,0.2820495138188152,0.4541904864824954,509.13424441958597,339.74203716171417
Random search,2,7,8,2.888286127197556,0.2820495138188152,0.4541904864824954,509.13424441958597,339.74203716171417
Random search,2,8,9,2.888286127197556,0.2820495138188152,0.4541904864824954,509.13424441958597,339.74203716171417
Random search,2,9,10,2.888286127197556,0.2820495138188152,0.4541904864824954,509.13424441958597,339.74203716171417
Random search,2,10,11,2.888286127197556,0.2820495138188152,0.4541904864824954,509.13424441958597,339.74203716171417
Random search,2,11,12,2.888286127197556,0.2820495138188152,0.4541904864824954,509.13424441958597,339.74203716171417
Random search,2,12,13,2.888286127197556,0.2820495138188152,0.4541904864824954,509.13424441958597,339.74203716171417
Random search,2,13,14,2.888286127197556,0.2820495138188152,0.4541904864824954,509.13424441958597,339.74203716171417
Random search,2,14,15,1.337305026830164,0.501740673970017,0.16208988265280705,898.7502234690127,223.60552502991766
Random search,2,15,16,1.337305026830164,0.501740673970017,0.16208988265280705,898.7502234690127,223.60552502991766
Random search,2,16,17,1.337305026830164,0.501740673970017,0.16208988265280705,898.7502234690127,223.60552502991766
Random search,2,17,18,1.337305026830164,0.501740673970017,0.16208988265280705,898.7502234690127,223.60552502991766
Random search,2,18,19,1.337305026830164,0.501740673970017,0.16208988265280705,898.7502234690127,223.60552502991766
Random search,2,19,20,1.337305026830164,0.501740673970017,0.16208988265280705,898.7502234690127,223.60552502991766
Random search,2,20,21,1.4135927216329387,0.5406695604736607,0.026598464348434565,952.4905227232207,236.60832443561594
Random search,2,21,22,1.4135927216329387,0.5406695604736607,0.026598464348434565,952.4905227232207,236.60832443561594
Random search,2,22,23,1.4135927216329387,0.5406695604736607,0.026598464348434565,952.4905227232207,236.60832443561594
Random search,2,23,24,1.4135927216329387,0.5406695604736607,0.026598464348434565,952.4905227232207,236.60832443561594
Random search,2,24,25,1.4135927216329387,0.5406695604736607,0.026598464348434565,952.4905227232207,236.60832443561594
Random search,2,25,26,1.4135927216329387,0.5406695604736607,0.026598464348434565,952.4905227232207,236.60832443561594
Random search,2,26,27,1.4135927216329387,0.5406695604736607,0.026598464348434565,952.4905227232207,236.60832443561594
Random search,2,27,28,1.4135927216329387,0.5406695604736607,0.026598464348434565,952.4905227232207,236.60832443561594
Random search,2,28,29,1.4135927216329387,0.5406695604736607,0.026598464348434565,952.4905227232207,236.60832443561594
Random search,2,29,30,1.4135927216329387,0.5406695604736607,0.026598464348434565,952.4905227232207,236.60832443561594
Random search,2,30,31,1.4135927216329387,0.5406695604736607,0.026598464348434565,952.4905227232207,236.60832443561594
Random search,2,31,32,1.4135927216329387,0.5406695604736607,0.026598464348434565,952.4905227232207,236.60832443561594
Random search,2,32,33,3.3098418012387536,0.5095340687476284,0.0,566.8129452711652,387.6654746509919
Random search,2,33,34,3.3098418012387536,0.5095340687476284,0.0,566.8129452711652,387.6654746509919
Random search,2,34,35,3.3098418012387536,0.5095340687476284,0.0,566.8129452711652,387.6654746509919
Random search,2,35,36,3.3098418012387536,0.5095340687476284,0.0,566.8129452711652,387.6654746509919
Random search,2,36,37,3.3098418012387536,0.5095340687476284,0.0,566.8129452711652,387.6654746509919
Random search,2,37,38,3.3098418012387536,0.5095340687476284,0.0,566.8129452711652,387.6654746509919
Random search,2,38,39,3.3098418012387536,0.5095340687476284,0.0,566.8129452711652,387.6654746509919
Random search,2,39,40,3.3098418012387536,0.5095340687476284,0.0,566.8129452711652,387.6654746509919
Random search,2,40,41,3.3098418012387536,0.5095340687476284,0.0,566.8129452711652,387.6654746509919
Random search,2,41,42,3.3098418012387536,0.5095340687476284,0.0,566.8129452711652,387.6654746509919
Random search,2,42,43,3.3098418012387536,0.5095340687476284,0.0,566.8129452711652,387.6654746509919
Random search,2,43,44,3.3098418012387536,0.5095340687476284,0.0,566.8129452711652,387.6654746509919
Random search,2,44,45,3.3098418012387536,0.5095340687476284,0.0,566.8129452711652,387.6654746509919
Random search,2,45,46,3.3098418012387536,0.5095340687476284,0.0,566.8129452711652,387.6654746509919
Random search,2,46,47,3.3098418012387536,0.5095340687476284,0.0,566.8129452711652,387.6654746509919
Random search,2,47,48,3.3098418012387536,0.5095340687476284,0.0,566.8129452711652,387.6654746509919
Random search,2,48,49,3.3098418012387536,0.5095340687476284,0.0,566.8129452711652,387.6654746509919
Random search,2,49,50,3.3098418012387536,0.5095340687476284,0.0,566.8129452711652,387.6654746509919
Random search,2,50,51,1.557937064608521,0.4610148815325954,0.0,893.4635328035941,245.14005974121153
Random search,2,51,52,1.557937064608521,0.4610148815325954,0.0,893.4635328035941,245.14005974121153
Random search,2,52,53,1.557937064608521,0.4610148815325954,0.0,893.4635328035941,245.14005974121153
Random search,2,53,54,1.557937064608521,0.4610148815325954,0.0,893.4635328035941,245.14005974121153
Random search,2,54,55,1.557937064608521,0.4610148815325954,0.0,893.4635328035941,245.14005974121153
Random search,2,55,56,1.557937064608521,0.4610148815325954,0.0,893.4635328035941,245.14005974121153
Random search,2,56,57,1.557937064608521,0.4610148815325954,0.0,893.4635328035941,245.14005974121153
Random search,2,57,58,1.557937064608521,0.4610148815325954,0.0,893.4635328035941,245.14005974121153
Random search,2,58,59,1.557937064608521,0.4610148815325954,0.0,893.4635328035941,245.14005974121153
Random search,2,59,60,1.557937064608521,0.4610148815325954,0.0,893.4635328035941,245.14005974121153
Random search,2,60,61,1.557937064608521,0.4610148815325954,0.0,893.4635328035941,245.14005974121153
Random search,2,61,62,1.557937064608521,0.4610148815325954,0.0,893.4635328035941,245.14005974121153
Random search,2,62,63,1.557937064608521,0.4610148815325954,0.0,893.4635328035941,245.14005974121153
Random search,2,63,64,1.557937064608521,0.4610148815325954,0.0,893.4635328035941,245.14005974121153
Random search,2,64,65,1.557937064608521,0.4610148815325954,0.0,893.4635328035941,245.14005974121153
Random search,2,65,66,1.557937064608521,0.4610148815325954,0.0,893.4635328035941,245.14005974121153
Random search,2,66,67,1.557937064608521,0.4610148815325954,0.0,893.4635328035941,245.14005974121153
Random search,2,67,68,1.557937064608521,0.4610148815325954,0.0,893.4635328035941,245.14005974121153
Random search,2,68,69,1.557937064608521,0.4610148815325954,0.0,893.4635328035941,245.14005974121153
Random search,2,69,70,1.557937064608521,0.4610148815325954,0.0,893.4635328035941,245.14005974121153
Random search,2,70,71,1.557937064608521,0.4610148815325954,0.0,893.4635328035941,245.14005974121153
Random search,2,71,72,1.557937064608521,0.4610148815325954,0.0,893.4635328035941,245.14005974121153
Random search,2,72,73,1.557937064608521,0.4610148815325954,0.0,893.4635328035941,245.14005974121153
Random search,2,73,74,1.557937064608521,0.4610148815325954,0.0,893.4635328035941,245.14005974121153
Random search,2,74,75,1.8489505510163662,0.3556211149898926,0.0,803.7691996628342,265.27197506792004
Random search,2,75,76,1.8489505510163662,0.3556211149898926,0.0,803.7691996628342,265.27197506792004
Random search,2,76,77,1.8489505510163662,0.3556211149898926,0.0,803.7691996628342,265.27197506792004
Random search,2,77,78,1.8489505510163662,0.3556211149898926,0.0,803.7691996628342,265.27197506792004
Random search,2,78,79,1.8489505510163662,0.3556211149898926,0.0,803.7691996628342,265.27197506792004
Random search,2,79,80,1.8489505510163662,0.3556211149898926,0.0,803.7691996628342,265.27197506792004
Random search,2,80,81,1.8489505510163662,0.3556211149898926,0.0,803.7691996628342,265.27197506792004
Random search,2,81,82,1.8489505510163662,0.3556211149898926,0.0,803.7691996628342,265.27197506792004
Random search,2,82,83,1.8489505510163662,0.3556211149898926,0.0,803.7691996628342,265.27197506792004
Random search,2,83,84,1.8489505510163662,0.3556211149898926,0.0,803.7691996628342,265.27197506792004
Random search,2,84,85,1.8489505510163662,0.3556211149898926,0.0,803.7691996628342,265.27197506792004
Random search,2,85,86,1.8489505510163662,0.3556211149898926,0.0,803.7691996628342,265.27197506792004
Random search,2,86,87,1.8489505510163662,0.3556211149898926,0.0,803.7691996628342,265.27197506792004
Random search,2,87,88,1.8489505510163662,0.3556211149898926,0.0,803.7691996628342,265.27197506792004
Random search,2,88,89,1.8489505510163662,0.3556211149898926,0.0,803.7691996628342,265.27197506792004
Random search,2,89,90,1.8489505510163662,0.3556211149898926,0.0,803.7691996628342,265.27197506792004
Random search,2,90,91,1.8489505510163662,0.3556211149898926,0.0,803.7691996628342,265.27197506792004
Random search,2,91,92,1.8489505510163662,0.3556211149898926,0.0,803.7691996628342,265.27197506792004
Random search,2,92,93,1.8489505510163662,0.3556211149898926,0.0,803.7691996628342,265.27197506792004
Random search,2,93,94,1.8489505510163662,0.3556211149898926,0.0,803.7691996628342,265.27197506792004
Random search,2,94,95,1.8489505510163662,0.3556211149898926,0.0,803.7691996628342,265.27197506792004
Random search,2,95,96,1.8489505510163662,0.3556211149898926,0.0,803.7691996628342,265.27197506792004
Random search,2,96,97,1.8489505510163662,0.3556211149898926,0.0,803.7691996628342,265.27197506792004
Random search,2,97,98,1.8489505510163662,0.3556211149898926,0.0,803.7691996628342,265.27197506792004
Random search,2,98,99,1.8489505510163662,0.3556211149898926,0.0,803.7691996628342,265.27197506792004
Random search,2,99,100,1.8489505510163662,0.3556211149898926,0.0,803.7691996628342,265.27197506792004
Random search,2,100,101,1.8489505510163662,0.3556211149898926,0.0,803.7691996628342,265.27197506792004
Random search,2,101,102,1.8489505510163662,0.3556211149898926,0.0,803.7691996628342,265.27197506792004
Random search,2,102,103,1.8489505510163662,0.3556211149898926,0.0,803.7691996628342,265.27197506792004
Random search,2,103,104,1.8489505510163662,0.3556211149898926,0.0,803.7691996628342,265.27197506792004
Random search,2,104,105,1.8489505510163662,0.3556211149898926,0.0,803.7691996628342,265.27197506792004
Random search,2,105,106,1.8489505510163662,0.3556211149898926,0.0,803.7691996628342,265.27197506792004
Random search,2,106,107,1.8489505510163662,0.3556211149898926,0.0,803.7691996628342,265.27197506792004
Random search,2,107,108,1.8489505510163662,0.3556211149898926,0.0,803.7691996628342,265.27197506792004
Random search,2,108,109,1.8489505510163662,0.3556211149898926,0.0,803.7691996628342,265.27197506792004
Random search,2,109,110,1.8489505510163662,0.3556211149898926,0.0,803.7691996628342,265.27197506792004
Random search,2,110,111,1.8489505510163662,0.3556211149898926,0.0,803.7691996628342,265.27197506792004
Random search,2,111,112,1.8489505510163662,0.3556211149898926,0.0,803.7691996628342,265.27197506792004
Random search,2,112,113,1.8489505510163662,0.3556211149898926,0.0,803.7691996628342,265.27197506792004
Random search,2,113,114,1.8489505510163662,0.3556211149898926,0.0,803.7691996628342,265.27197506792004
Random search,2,114,115,1.8489505510163662,0.3556211149898926,0.0,803.7691996628342,265.27197506792004
Random search,2,115,116,1.8489505510163662,0.3556211149898926,0.0,803.7691996628342,265.27197506792004
Random search,2,116,117,1.8489505510163662,0.3556211149898926,0.0,803.7691996628342,265.27197506792004
Random search,2,117,118,1.8489505510163662,0.3556211149898926,0.0,803.7691996628342,265.27197506792004
Random search,2,118,119,1.8489505510163662,0.3556211149898926,0.0,803.7691996628342,265.27197506792004
Random search,2,119,120,1.8489505510163662,0.3556211149898926,0.0,803.7691996628342,265.27197506792004
Random search,2,120,121,1.8489505510163662,0.3556211149898926,0.0,803.7691996628342,265.27197506792004
Random search,2,121,122,1.8489505510163662,0.3556211149898926,0.0,803.7691996628342,265.27197506792004
Random search,2,122,123,1.8489505510163662,0.3556211149898926,0.0,803.7691996628342,265.27197506792004
Random search,2,123,124,1.8489505510163662,0.3556211149898926,0.0,803.7691996628342,265.27197506792004
Random search,2,124,125,1.8489505510163662,0.3556211149898926,0.0,803.7691996628342,265.27197506792004
Random search,2,125,126,1.8489505510163662,0.3556211149898926,0.0,803.7691996628342,265.27197506792004
Random search,2,126,127,1.8489505510163662,0.3556211149898926,0.0,803.7691996628342,265.27197506792004
Random search,2,127,128,1.8489505510163662,0.3556211149898926,0.0,803.7691996628342,265.27197506792004
Random search,2,128,129,1.8489505510163662,0.3556211149898926,0.0,803.7691996628342,265.27197506792004
Random search,2,129,130,1.8489505510163662,0.3556211149898926,0.0,803.7691996628342,265.27197506792004
Random search,2,130,131,1.8489505510163662,0.3556211149898926,0.0,803.7691996628342,265.27197506792004
Random search,2,131,132,1.8489505510163662,0.3556211149898926,0.0,803.7691996628342,265.27197506792004
Random search,2,132,133,1.8489505510163662,0.3556211149898926,0.0,803.7691996628342,265.27197506792004
Random search,2,133,134,1.8489505510163662,0.3556211149898926,0.0,803.7691996628342,265.27197506792004
Random search,2,134,135,1.8489505510163662,0.3556211149898926,0.0,803.7691996628342,265.27197506792004
Random search,2,135,136,1.8489505510163662,0.3556211149898926,0.0,803.7691996628342,265.27197506792004
Random search,2,136,137,1.8489505510163662,0.3556211149898926,0.0,803.7691996628342,265.27197506792004
Random search,2,137,138,1.8489505510163662,0.3556211149898926,0.0,803.7691996628342,265.27197506792004
Random search,2,138,139,1.8489505510163662,0.3556211149898926,0.0,803.7691996628342,265.27197506792004
Random search,2,139,140,1.8489505510163662,0.3556211149898926,0.0,803.7691996628342,265.27197506792004
Random search,2,140,141,1.8489505510163662,0.3556211149898926,0.0,803.7691996628342,265.27197506792004
Random search,2,141,142,2.7237312600257084,0.34190233688518223,0.0,591.9978637189879,331.57291237446964
Random search,2,142,143,2.7237312600257084,0.34190233688518223,0.0,591.9978637189879,331.57291237446964
Random search,2,143,144,2.7237312600257084,0.34190233688518223,0.0,591.9978637189879,331.57291237446964
Random search,2,144,145,2.7237312600257084,0.34190233688518223,0.0,591.9978637189879,331.57291237446964
Random search,2,145,146,2.7237312600257084,0.34190233688518223,0.0,591.9978637189879,331.57291237446964
Random search,2,146,147,2.7237312600257084,0.34190233688518223,0.0,591.9978637189879,331.57291237446964
Random search,2,147,148,2.7237312600257084,0.34190233688518223,0.0,591.9978637189879,331.57291237446964
Random search,2,148,149,2.7237312600257084,0.34190233688518223,0.0,591.9978637189879,331.57291237446964
Random search,2,149,150,2.7237312600257084,0.34190233688518223,0.0,591.9978637189879,331.57291237446964
Random search,2,150,151,2.7237312600257084,0.34190233688518223,0.0,591.9978637189879,331.57291237446964
Random search,2,151,152,2.7237312600257084,0.34190233688518223,0.0,591.9978637189879,331.57291237446964
Random search,2,152,153,2.7237312600257084,0.34190233688518223,0.0,591.9978637189879,331.57291237446964
Random search,2,153,154,2.7237312600257084,0.34190233688518223,0.0,591.9978637189879,331.57291237446964
Random search,2,154,155,2.7237312600257084,0.34190233688518223,0.0,591.9978637189879,331.57291237446964
Random search,2,155,156,2.7237312600257084,0.34190233688518223,0.0,591.9978637189879,331.57291237446964
Random search,2,156,157,2.7237312600257084,0.34190233688518223,0.0,591.9978637189879,331.57291237446964
Random search,2,157,158,2.7237312600257084,0.34190233688518223,0.0,591.9978637189879,331.57291237446964
Random search,2,158,159,2.7237312600257084,0.34190233688518223,0.0,591.9978637189879,331.57291237446964
Random search,2,159,160,2.7237312600257084,0.34190233688518223,0.0,591.9978637189879,331.57291237446964
Random search,2,160,161,2.7237312600257084,0.34190233688518223,0.0,591.9978637189879,331.57291237446964
Random search,2,161,162,2.7237312600257084,0.34190233688518223,0.0,591.9978637189879,331.57291237446964
Random search,2,162,163,2.7237312600257084,0.34190233688518223,0.0,591.9978637189879,331.57291237446964
Random search,2,163,164,2.7237312600257084,0.34190233688518223,0.0,591.9978637189879,331.57291237446964
Random search,2,164,165,2.7237312600257084,0.34190233688518223,0.0,591.9978637189879,331.57291237446964
Random search,2,165,166,2.7237312600257084,0.34190233688518223,0.0,591.9978637189879,331.57291237446964
Random search,2,166,167,2.7237312600257084,0.34190233688518223,0.0,591.9978637189879,331.57291237446964
Random search,2,167,168,2.7237312600257084,0.34190233688518223,0.0,591.9978637189879,331.57291237446964
Random search,2,168,169,2.7237312600257084,0.34190233688518223,0.0,591.9978637189879,331.57291237446964
Random search,2,169,170,2.7237312600257084,0.34190233688518223,0.0,591.9978637189879,331.57291237446964
Random search,2,170,171,2.7237312600257084,0.34190233688518223,0.0,591.9978637189879,331.57291237446964
Random search,2,171,172,2.7237312600257084,0.34190233688518223,0.0,591.9978637189879,331.57291237446964
Random search,2,172,173,2.7237312600257084,0.34190233688518223,0.0,591.9978637189879,331.57291237446964
Random search,2,173,174,2.7237312600257084,0.34190233688518223,0.0,591.9978637189879,331.57291237446964
Random search,2,174,175,2.7237312600257084,0.34190233688518223,0.0,591.9978637189879,331.57291237446964
Random search,2,175,176,2.7237312600257084,0.34190233688518223,0.0,591.9978637189879,331.57291237446964
Random search,2,176,177,2.7237312600257084,0.34190233688518223,0.0,591.9978637189879,331.57291237446964
Random search,2,177,178,2.7237312600257084,0.34190233688518223,0.0,591.9978637189879,331.57291237446964
Random search,2,178,179,2.7237312600257084,0.34190233688518223,0.0,591.9978637189879,331.57291237446964
Random search,2,179,180,2.7237312600257084,0.34190233688518223,0.0,591.9978637189879,331.57291237446964
Random search,2,180,181,2.7237312600257084,0.34190233688518223,0.0,591.9978637189879,331.57291237446964
Random search,2,181,182,2.7237312600257084,0.34190233688518223,0.0,591.9978637189879,331.57291237446964
Random search,2,182,183,2.7237312600257084,0.34190233688518223,0.0,591.9978637189879,331.57291237446964
Random search,2,183,184,2.7237312600257084,0.34190233688518223,0.0,591.9978637189879,331.57291237446964
Random search,2,184,185,2.7237312600257084,0.34190233688518223,0.0,591.9978637189879,331.57291237446964
Random search,2,185,186,2.7237312600257084,0.34190233688518223,0.0,591.9978637189879,331.57291237446964
Random search,2,186,187,2.7237312600257084,0.34190233688518223,0.0,591.9978637189879,331.57291237446964
Random search,2,187,188,2.7237312600257084,0.34190233688518223,0.0,591.9978637189879,331.57291237446964
Random search,2,188,189,2.7237312600257084,0.34190233688518223,0.0,591.9978637189879,331.57291237446964
Random search,2,189,190,2.7237312600257084,0.34190233688518223,0.0,591.9978637189879,331.57291237446964
Random search,2,190,191,2.7237312600257084,0.34190233688518223,0.0,591.9978637189879,331.57291237446964
Random search,2,191,192,2.7237312600257084,0.34190233688518223,0.0,591.9978637189879,331.57291237446964
Random search,2,192,193,2.7237312600257084,0.34190233688518223,0.0,591.9978637189879,331.57291237446964
Random search,2,193,194,2.7237312600257084,0.34190233688518223,0.0,591.9978637189879,331.57291237446964
Random search,2,194,195,2.7237312600257084,0.34190233688518223,0.0,591.9978637189879,331.57291237446964
Random search,2,195,196,2.7237312600257084,0.34190233688518223,0.0,591.9978637189879,331.57291237446964
Random search,2,196,197,2.7237312600257084,0.34190233688518223,0.0,591.9978637189879,331.57291237446964
Random search,2,197,198,2.7237312600257084,0.34190233688518223,0.0,591.9978637189879,331.57291237446964
Random search,2,198,199,2.7237312600257084,0.34190233688518223,0.0,591.9978637189879,331.57291237446964
Random search,2,199,200,2.7237312600257084,0.34190233688518223,0.0,591.9978637189879,331.57291237446964
Random search,2,200,201,2.7237312600257084,0.34190233688518223,0.0,591.9978637189879,331.57291237446964
Random search,2,201,202,2.7237312600257084,0.34190233688518223,0.0,591.9978637189879,331.57291237446964
Random search,2,202,203,2.7237312600257084,0.34190233688518223,0.0,591.9978637189879,331.57291237446964
Random search,2,203,204,2.7237312600257084,0.34190233688518223,0.0,591.9978637189879,331.57291237446964
Random search,2,204,205,2.7237312600257084,0.34190233688518223,0.0,591.9978637189879,331.57291237446964
Random search,2,205,206,2.7237312600257084,0.34190233688518223,0.0,591.9978637189879,331.57291237446964
Random search,2,206,207,2.7237312600257084,0.34190233688518223,0.0,591.9978637189879,331.57291237446964
Random search,2,207,208,2.7237312600257084,0.34190233688518223,0.0,591.9978637189879,331.57291237446964
Random search,2,208,209,2.7237312600257084,0.34190233688518223,0.0,591.9978637189879,331.57291237446964
Random search,2,209,210,2.7237312600257084,0.34190233688518223,0.0,591.9978637189879,331.57291237446964
Random search,2,210,211,2.7237312600257084,0.34190233688518223,0.0,591.9978637189879,331.57291237446964
Random search,2,211,212,2.7237312600257084,0.34190233688518223,0.0,591.9978637189879,331.57291237446964
Random search,2,212,213,2.7237312600257084,0.34190233688518223,0.0,591.9978637189879,331.57291237446964
Random search,2,213,214,2.7237312600257084,0.34190233688518223,0.0,591.9978637189879,331.57291237446964
Random search,2,214,215,2.7237312600257084,0.34190233688518223,0.0,591.9978637189879,331.57291237446964
Random search,2,215,216,2.7237312600257084,0.34190233688518223,0.0,591.9978637189879,331.57291237446964
Random search,2,216,217,2.7237312600257084,0.34190233688518223,0.0,591.9978637189879,331.57291237446964
Random search,2,217,218,2.7237312600257084,0.34190233688518223,0.0,591.9978637189879,331.57291237446964
Random search,2,218,219,2.7237312600257084,0.34190233688518223,0.0,591.9978637189879,331.57291237446964
Random search,2,219,220,2.7237312600257084,0.34190233688518223,0.0,591.9978637189879,331.57291237446964
Random search,2,220,221,2.7237312600257084,0.34190233688518223,0.0,591.9978637189879,331.57291237446964
Random search,2,221,222,2.7237312600257084,0.34190233688518223,0.0,591.9978637189879,331.57291237446964
Random search,2,222,223,2.7237312600257084,0.34190233688518223,0.0,591.9978637189879,331.57291237446964
Random search,2,223,224,2.7237312600257084,0.34190233688518223,0.0,591.9978637189879,331.57291237446964
Random search,2,224,225,2.7237312600257084,0.34190233688518223,0.0,591.9978637189879,331.57291237446964
Random search,2,225,226,3.2483398807956965,0.33138188520064693,0.0,525.7854225621502,377.41253033578465
Random search,2,226,227,3.2483398807956965,0.33138188520064693,0.0,525.7854225621502,377.41253033578465
Random search,2,227,228,3.2483398807956965,0.33138188520064693,0.0,525.7854225621502,377.41253033578465
Random search,2,228,229,3.2483398807956965,0.33138188520064693,0.0,525.7854225621502,377.41253033578465
Random search,2,229,230,3.2483398807956965,0.33138188520064693,0.0,525.7854225621502,377.41253033578465
Random search,2,230,231,3.2483398807956965,0.33138188520064693,0.0,525.7854225621502,377.41253033578465
Random search,2,231,232,3.2483398807956965,0.33138188520064693,0.0,525.7854225621502,377.41253033578465
Random search,2,232,233,3.2483398807956965,0.33138188520064693,0.0,525.7854225621502,377.41253033578465
Random search,2,233,234,3.2483398807956965,0.33138188520064693,0.0,525.7854225621502,377.41253033578465
Random search,2,234,235,3.2483398807956965,0.33138188520064693,0.0,525.7854225621502,377.41253033578465
Random search,2,235,236,3.2483398807956965,0.33138188520064693,0.0,525.7854225621502,377.41253033578465
Random search,2,236,237,3.2483398807956965,0.33138188520064693,0.0,525.7854225621502,377.41253033578465
Random search,2,237,238,3.2483398807956965,0.33138188520064693,0.0,525.7854225621502,377.41253033578465
Random search,2,238,239,3.2483398807956965,0.33138188520064693,0.0,525.7854225621502,377.41253033578465
Random search,2,239,240,3.2483398807956965,0.33138188520064693,0.0,525.7854225621502,377.41253033578465
Random search,2,240,241,3.2483398807956965,0.33138188520064693,0.0,525.7854225621502,377.41253033578465
Random search,2,241,242,3.2483398807956965,0.33138188520064693,0.0,525.7854225621502,377.41253033578465
Random search,2,242,243,3.2483398807956965,0.33138188520064693,0.0,525.7854225621502,377.41253033578465
Random search,2,243,244,3.2483398807956965,0.33138188520064693,0.0,525.7854225621502,377.41253033578465
Random search,2,244,245,3.2483398807956965,0.33138188520064693,0.0,525.7854225621502,377.41253033578465
Random search,2,245,246,3.2483398807956965,0.33138188520064693,0.0,525.7854225621502,377.41253033578465
Random search,2,246,247,3.2483398807956965,0.33138188520064693,0.0,525.7854225621502,377.41253033578465
Random search,2,247,248,3.2483398807956965,0.33138188520064693,0.0,525.7854225621502,377.41253033578465
Random search,2,248,249,3.2483398807956965,0.33138188520064693,0.0,525.7854225621502,377.41253033578465
Random search,2,249,250,3.2483398807956965,0.33138188520064693,0.0,525.7854225621502,377.41253033578465
Random search,2,250,251,3.2483398807956965,0.33138188520064693,0.0,525.7854225621502,377.41253033578465
Random search,2,251,252,3.2483398807956965,0.33138188520064693,0.0,525.7854225621502,377.41253033578465
Random search,2,252,253,3.2483398807956965,0.33138188520064693,0.0,525.7854225621502,377.41253033578465
Random search,2,253,254,3.2483398807956965,0.33138188520064693,0.0,525.7854225621502,377.41253033578465
Random search,2,254,255,3.2483398807956965,0.33138188520064693,0.0,525.7854225621502,377.41253033578465
Random search,2,255,256,3.2483398807956965,0.33138188520064693,0.0,525.7854225621502,377.41253033578465
Random search,2,256,257,3.2483398807956965,0.33138188520064693,0.0,525.7854225621502,377.41253033578465
Random search,2,257,258,3.2483398807956965,0.33138188520064693,0.0,525.7854225621502,377.41253033578465
Random search,2,258,259,3.2483398807956965,0.33138188520064693,0.0,525.7854225621502,377.41253033578465
Random search,2,259,260,3.2483398807956965,0.33138188520064693,0.0,525.7854225621502,377.41253033578465
Random search,2,260,261,3.2483398807956965,0.33138188520064693,0.0,525.7854225621502,377.41253033578465
Random search,2,261,262,3.2483398807956965,0.33138188520064693,0.0,525.7854225621502,377.41253033578465
Random search,2,262,263,3.2483398807956965,0.33138188520064693,0.0,525.7854225621502,377.41253033578465
Random search,2,263,264,3.2483398807956965,0.33138188520064693,0.0,525.7854225621502,377.41253033578465
Random search,2,264,265,3.2483398807956965,0.33138188520064693,0.0,525.7854225621502,377.41253033578465
Random search,2,265,266,3.2483398807956965,0.33138188520064693,0.0,525.7854225621502,377.41253033578465
Random search,2,266,267,2.647654752698719,0.32367399035429023,0.0,632.1137457839562,327.97684984826753
Random search,2,267,268,2.647654752698719,0.32367399035429023,0.0,632.1137457839562,327.97684984826753
Random search,2,268,269,2.647654752698719,0.32367399035429023,0.0,632.1137457839562,327.97684984826753
Random search,2,269,270,2.647654752698719,0.32367399035429023,0.0,632.1137457839562,327.97684984826753
Random search,2,270,271,2.647654752698719,0.32367399035429023,0.0,632.1137457839562,327.97684984826753
Random search,2,271,272,2.647654752698719,0.32367399035429023,0.0,632.1137457839562,327.97684984826753
Random search,2,272,273,2.647654752698719,0.32367399035429023,0.0,632.1137457839562,327.97684984826753
Random search,2,273,274,2.647654752698719,0.32367399035429023,0.0,632.1137457839562,327.97684984826753
Random search,2,274,275,2.647654752698719,0.32367399035429023,0.0,632.1137457839562,327.97684984826753
Random search,2,275,276,2.647654752698719,0.32367399035429023,0.0,632.1137457839562,327.97684984826753
Random search,2,276,277,2.647654752698719,0.32367399035429023,0.0,632.1137457839562,327.97684984826753
Random search,2,277,278,2.647654752698719,0.32367399035429023,0.0,632.1137457839562,327.97684984826753
Random search,2,278,279,2.647654752698719,0.32367399035429023,0.0,632.1137457839562,327.97684984826753
Random search,2,279,280,2.647654752698719,0.32367399035429023,0.0,632.1137457839562,327.97684984826753
Random search,2,280,281,2.647654752698719,0.32367399035429023,0.0,632.1137457839562,327.97684984826753
Random search,2,281,282,2.647654752698719,0.32367399035429023,0.0,632.1137457839562,327.97684984826753
Random search,2,282,283,2.647654752698719,0.32367399035429023,0.0,632.1137457839562,327.97684984826753
Random search,2,283,284,2.647654752698719,0.32367399035429023,0.0,632.1137457839562,327.97684984826753
Random search,2,284,285,2.647654752698719,0.32367399035429023,0.0,632.1137457839562,327.97684984826753
Random search,2,285,286,2.647654752698719,0.32367399035429023,0.0,632.1137457839562,327.97684984826753
Random search,2,286,287,2.647654752698719,0.32367399035429023,0.0,632.1137457839562,327.97684984826753
Random search,2,287,288,2.647654752698719,0.32367399035429023,0.0,632.1137457839562,327.97684984826753
Random search,2,288,289,2.647654752698719,0.32367399035429023,0.0,632.1137457839562,327.97684984826753
Random search,2,289,290,2.647654752698719,0.32367399035429023,0.0,632.1137457839562,327.97684984826753
Random search,2,290,291,2.647654752698719,0.32367399035429023,0.0,632.1137457839562,327.97684984826753
Random search,2,291,292,2.647654752698719,0.32367399035429023,0.0,632.1137457839562,327.97684984826753
Random search,2,292,293,2.647654752698719,0.32367399035429023,0.0,632.1137457839562,327.97684984826753
Random search,2,293,294,2.647654752698719,0.32367399035429023,0.0,632.1137457839562,327.97684984826753
Random search,2,294,295,2.647654752698719,0.32367399035429023,0.0,632.1137457839562,327.97684984826753
Random search,2,295,296,2.647654752698719,0.32367399035429023,0.0,632.1137457839562,327.97684984826753
Random search,2,296,297,2.647654752698719,0.32367399035429023,0.0,632.1137457839562,327.97684984826753
Random search,2,297,298,2.647654752698719,0.32367399035429023,0.0,632.1137457839562,327.97684984826753
Random search,2,298,299,2.647654752698719,0.32367399035429023,0.0,632.1137457839562,327.97684984826753
Random search,2,299,300,2.647654752698719,0.32367399035429023,0.0,632.1137457839562,327.97684984826753
Random search,2,300,301,2.647654752698719,0.32367399035429023,0.0,632.1137457839562,327.97684984826753
Random search,2,301,302,2.647654752698719,0.32367399035429023,0.0,632.1137457839562,327.97684984826753
Random search,2,302,303,2.252942280394248,0.3086602652206308,0.0,702.9673311056162,295.5909611499864
Random search,2,303,304,2.252942280394248,0.3086602652206308,0.0,702.9673311056162,295.5909611499864
Random search,2,304,305,2.540244594871603,0.2726337939946632,0.0,654.7997177673209,319.5044312638924
Random search,2,305,306,2.540244594871603,0.2726337939946632,0.0,654.7997177673209,319.5044312638924
Random search,2,306,307,2.540244594871603,0.2726337939946632,0.0,654.7997177673209,319.5044312638924
Random search,2,307,308,2.540244594871603,0.2726337939946632,0.0,654.7997177673209,319.5044312638924
Random search,2,308,309,2.540244594871603,0.2726337939946632,0.0,654.7997177673209,319.5044312638924
Random search,2,309,310,2.540244594871603,0.2726337939946632,0.0,654.7997177673209,319.5044312638924
Random search,2,310,311,2.540244594871603,0.2726337939946632,0.0,654.7997177673209,319.5044312638924
Random search,2,311,312,2.540244594871603,0.2726337939946632,0.0,654.7997177673209,319.5044312638924
Random search,2,312,313,2.540244594871603,0.2726337939946632,0.0,654.7997177673209,319.5044312638924
Random search,2,313,314,2.540244594871603,0.2726337939946632,0.0,654.7997177673209,319.5044312638924
Random search,2,314,315,2.540244594871603,0.2726337939946632,0.0,654.7997177673209,319.5044312638924
Random search,2,315,316,2.540244594871603,0.2726337939946632,0.0,654.7997177673209,319.5044312638924
Random search,2,316,317,2.540244594871603,0.2726337939946632,0.0,654.7997177673209,319.5044312638924
Random search,2,317,318,2.540244594871603,0.2726337939946632,0.0,654.7997177673209,319.5044312638924
Random search,2,318,319,2.540244594871603,0.2726337939946632,0.0,654.7997177673209,319.5044312638924
Random search,2,319,320,2.540244594871603,0.2726337939946632,0.0,654.7997177673209,319.5044312638924
Random search,2,320,321,2.540244594871603,0.2726337939946632,0.0,654.7997177673209,319.5044312638924
Random search,2,321,322,2.540244594871603,0.2726337939946632,0.0,654.7997177673209,319.5044312638924
Random search,2,322,323,2.540244594871603,0.2726337939946632,0.0,654.7997177673209,319.5044312638924
Random search,2,323,324,2.540244594871603,0.2726337939946632,0.0,654.7997177673209,319.5044312638924
Random search,2,324,325,2.540244594871603,0.2726337939946632,0.0,654.7997177673209,319.5044312638924
Random search,2,325,326,2.540244594871603,0.2726337939946632,0.0,654.7997177673209,319.5044312638924
Random search,2,326,327,2.540244594871603,0.2726337939946632,0.0,654.7997177673209,319.5044312638924
Random search,2,327,328,2.540244594871603,0.2726337939946632,0.0,654.7997177673209,319.5044312638924
Random search,2,328,329,2.540244594871603,0.2726337939946632,0.0,654.7997177673209,319.5044312638924
Random search,2,329,330,2.540244594871603,0.2726337939946632,0.0,654.7997177673209,319.5044312638924
Random search,2,330,331,2.540244594871603,0.2726337939946632,0.0,654.7997177673209,319.5044312638924
Random search,2,331,332,2.540244594871603,0.2726337939946632,0.0,654.7997177673209,319.5044312638924
Random search,2,332,333,2.540244594871603,0.2726337939946632,0.0,654.7997177673209,319.5044312638924
Random search,2,333,334,2.540244594871603,0.2726337939946632,0.0,654.7997177673209,319.5044312638924
Random search,2,334,335,2.540244594871603,0.2726337939946632,0.0,654.7997177673209,319.5044312638924
Random search,2,335,336,2.540244594871603,0.2726337939946632,0.0,654.7997177673209,319.5044312638924
Random search,2,336,337,2.540244594871603,0.2726337939946632,0.0,654.7997177673209,319.5044312638924
Random search,2,337,338,2.540244594871603,0.2726337939946632,0.0,654.7997177673209,319.5044312638924
Random search,2,338,339,2.540244594871603,0.2726337939946632,0.0,654.7997177673209,319.5044312638924
Random search,2,339,340,2.540244594871603,0.2726337939946632,0.0,654.7997177673209,319.5044312638924
Random search,2,340,341,2.540244594871603,0.2726337939946632,0.0,654.7997177673209,319.5044312638924
Random search,2,341,342,2.540244594871603,0.2726337939946632,0.0,654.7997177673209,319.5044312638924
Random search,2,342,343,2.540244594871603,0.2726337939946632,0.0,654.7997177673209,319.5044312638924
Random search,2,343,344,2.540244594871603,0.2726337939946632,0.0,654.7997177673209,319.5044312638924
Random search,2,344,345,2.540244594871603,0.2726337939946632,0.0,654.7997177673209,319.5044312638924
Random search,2,345,346,2.540244594871603,0.2726337939946632,0.0,654.7997177673209,319.5044312638924
Random search,2,346,347,2.540244594871603,0.2726337939946632,0.0,654.7997177673209,319.5044312638924
Random search,2,347,348,2.540244594871603,0.2726337939946632,0.0,654.7997177673209,319.5044312638924
Random search,2,348,349,2.540244594871603,0.2726337939946632,0.0,654.7997177673209,319.5044312638924
Random search,2,349,350,2.540244594871603,0.2726337939946632,0.0,654.7997177673209,319.5044312638924
Random search,2,350,351,2.540244594871603,0.2726337939946632,0.0,654.7997177673209,319.5044312638924
Random search,2,351,352,2.540244594871603,0.2726337939946632,0.0,654.7997177673209,319.5044312638924
Random search,2,352,353,2.540244594871603,0.2726337939946632,0.0,654.7997177673209,319.5044312638924
Random search,2,353,354,2.540244594871603,0.2726337939946632,0.0,654.7997177673209,319.5044312638924
Random search,2,354,355,2.540244594871603,0.2726337939946632,0.0,654.7997177673209,319.5044312638924
Random search,2,355,356,2.540244594871603,0.2726337939946632,0.0,654.7997177673209,319.5044312638924
Random search,2,356,357,2.540244594871603,0.2726337939946632,0.0,654.7997177673209,319.5044312638924
Random search,2,357,358,2.540244594871603,0.2726337939946632,0.0,654.7997177673209,319.5044312638924
Random search,2,358,359,2.540244594871603,0.2726337939946632,0.0,654.7997177673209,319.5044312638924
Random search,2,359,360,2.540244594871603,0.2726337939946632,0.0,654.7997177673209,319.5044312638924
Random search,2,360,361,2.540244594871603,0.2726337939946632,0.0,654.7997177673209,319.5044312638924
Random search,2,361,362,2.540244594871603,0.2726337939946632,0.0,654.7997177673209,319.5044312638924
Random search,2,362,363,2.540244594871603,0.2726337939946632,0.0,654.7997177673209,319.5044312638924
Random search,2,363,364,2.540244594871603,0.2726337939946632,0.0,654.7997177673209,319.5044312638924
Random search,2,364,365,2.540244594871603,0.2726337939946632,0.0,654.7997177673209,319.5044312638924
Random search,2,365,366,2.540244594871603,0.2726337939946632,0.0,654.7997177673209,319.5044312638924
Random search,2,366,367,2.540244594871603,0.2726337939946632,0.0,654.7997177673209,319.5044312638924
Random search,2,367,368,2.540244594871603,0.2726337939946632,0.0,654.7997177673209,319.5044312638924
Random search,2,368,369,2.540244594871603,0.2726337939946632,0.0,654.7997177673209,319.5044312638924
Random search,2,369,370,2.540244594871603,0.2726337939946632,0.0,654.7997177673209,319.5044312638924
Random search,2,370,371,2.540244594871603,0.2726337939946632,0.0,654.7997177673209,319.5044312638924
Random search,2,371,372,2.540244594871603,0.2726337939946632,0.0,654.7997177673209,319.5044312638924
Random search,2,372,373,2.540244594871603,0.2726337939946632,0.0,654.7997177673209,319.5044312638924
Random search,2,373,374,2.540244594871603,0.2726337939946632,0.0,654.7997177673209,319.5044312638924
Random search,2,374,375,2.540244594871603,0.2726337939946632,0.0,654.7997177673209,319.5044312638924
Random search,2,375,376,2.540244594871603,0.2726337939946632,0.0,654.7997177673209,319.5044312638924
Random search,2,376,377,2.540244594871603,0.2726337939946632,0.0,654.7997177673209,319.5044312638924
Random search,2,377,378,2.540244594871603,0.2726337939946632,0.0,654.7997177673209,319.5044312638924
Random search,2,378,379,2.540244594871603,0.2726337939946632,0.0,654.7997177673209,319.5044312638924
Random search,2,379,380,2.540244594871603,0.2726337939946632,0.0,654.7997177673209,319.5044312638924
Random search,2,380,381,2.540244594871603,0.2726337939946632,0.0,654.7997177673209,319.5044312638924
Random search,2,381,382,2.540244594871603,0.2726337939946632,0.0,654.7997177673209,319.5044312638924
Random search,2,382,383,2.540244594871603,0.2726337939946632,0.0,654.7997177673209,319.5044312638924
Random search,2,383,384,2.540244594871603,0.2726337939946632,0.0,654.7997177673209,319.5044312638924
Random search,2,384,385,2.540244594871603,0.2726337939946632,0.0,654.7997177673209,319.5044312638924
Random search,2,385,386,2.540244594871603,0.2726337939946632,0.0,654.7997177673209,319.5044312638924
Random search,2,386,387,2.540244594871603,0.2726337939946632,0.0,654.7997177673209,319.5044312638924
Random search,2,387,388,2.540244594871603,0.2726337939946632,0.0,654.7997177673209,319.5044312638924
Random search,2,388,389,2.540244594871603,0.2726337939946632,0.0,654.7997177673209,319.5044312638924
Random search,2,389,390,2.540244594871603,0.2726337939946632,0.0,654.7997177673209,319.5044312638924
Random search,2,390,391,2.540244594871603,0.2726337939946632,0.0,654.7997177673209,319.5044312638924
Random search,2,391,392,2.540244594871603,0.2726337939946632,0.0,654.7997177673209,319.5044312638924
Random search,2,392,393,2.540244594871603,0.2726337939946632,0.0,654.7997177673209,319.5044312638924
Random search,2,393,394,2.540244594871603,0.2726337939946632,0.0,654.7997177673209,319.5044312638924
Random search,2,394,395,2.540244594871603,0.2726337939946632,0.0,654.7997177673209,319.5044312638924
Random search,2,395,396,2.540244594871603,0.2726337939946632,0.0,654.7997177673209,319.5044312638924
Random search,2,396,397,2.540244594871603,0.2726337939946632,0.0,654.7997177673209,319.5044312638924
Random search,2,397,398,2.540244594871603,0.2726337939946632,0.0,654.7997177673209,319.5044312638924
Random search,2,398,399,2.540244594871603,0.2726337939946632,0.0,654.7997177673209,319.5044312638924
Random search,2,399,400,2.540244594871603,0.2726337939946632,0.0,654.7997177673209,319.5044312638924
Random search,2,400,401,2.540244594871603,0.2726337939946632,0.0,654.7997177673209,319.5044312638924
Random search,2,401,402,2.540244594871603,0.2726337939946632,0.0,654.7997177673209,319.5044312638924
Random search,2,402,403,2.540244594871603,0.2726337939946632,0.0,654.7997177673209,319.5044312638924
Random search,2,403,404,2.540244594871603,0.2726337939946632,0.0,654.7997177673209,319.5044312638924
Random search,2,404,405,2.540244594871603,0.2726337939946632,0.0,654.7997177673209,319.5044312638924
Random search,2,405,406,2.540244594871603,0.2726337939946632,0.0,654.7997177673209,319.5044312638924
Random search,2,406,407,2.540244594871603,0.2726337939946632,0.0,654.7997177673209,319.5044312638924
Random search,2,407,408,2.540244594871603,0.2726337939946632,0.0,654.7997177673209,319.5044312638924
Random search,2,408,409,2.540244594871603,0.2726337939946632,0.0,654.7997177673209,319.5044312638924
Random search,2,409,410,2.540244594871603,0.2726337939946632,0.0,654.7997177673209,319.5044312638924
Random search,2,410,411,2.540244594871603,0.2726337939946632,0.0,654.7997177673209,319.5044312638924
Random search,2,411,412,2.540244594871603,0.2726337939946632,0.0,654.7997177673209,319.5044312638924
Random search,2,412,413,2.540244594871603,0.2726337939946632,0.0,654.7997177673209,319.5044312638924
Random search,2,413,414,2.540244594871603,0.2726337939946632,0.0,654.7997177673209,319.5044312638924
Random search,2,414,415,2.540244594871603,0.2726337939946632,0.0,654.7997177673209,319.5044312638924
Random search,2,415,416,2.540244594871603,0.2726337939946632,0.0,654.7997177673209,319.5044312638924
Random search,2,416,417,2.540244594871603,0.2726337939946632,0.0,654.7997177673209,319.5044312638924
Random search,2,417,418,2.540244594871603,0.2726337939946632,0.0,654.7997177673209,319.5044312638924
Random search,2,418,419,2.540244594871603,0.2726337939946632,0.0,654.7997177673209,319.5044312638924
Random search,2,419,420,2.715679106372308,0.26993663377180405,0.0,640.0032410152029,335.5682347387511
Random search,2,420,421,2.2193811325016264,0.2452739825522992,0.0,743.6119843946586,296.2993116896285
Random search,2,421,422,2.2193811325016264,0.2452739825522992,0.0,743.6119843946586,296.2993116896285
Random search,2,422,423,2.2193811325016264,0.2452739825522992,0.0,743.6119843946586,296.2993116896285
Random search,2,423,424,2.2193811325016264,0.2452739825522992,0.0,743.6119843946586,296.2993116896285
Random search,2,424,425,2.2193811325016264,0.2452739825522992,0.0,743.6119843946586,296.2993116896285
Random search,2,425,426,2.434876595434015,0.2419955228927158,0.0,710.6748531740152,314.555144860803
Random search,2,426,427,2.434876595434015,0.2419955228927158,0.0,710.6748531740152,314.555144860803
Random search,2,427,428,2.434876595434015,0.2419955228927158,0.0,710.6748531740152,314.555144860803
Random search,2,428,429,2.434876595434015,0.2419955228927158,0.0,710.6748531740152,314.555144860803
Random search,2,429,430,2.434876595434015,0.2419955228927158,0.0,710.6748531740152,314.555144860803
Random search,2,430,431,2.434876595434015,0.2419955228927158,0.0,710.6748531740152,314.555144860803
Random search,2,431,432,2.434876595434015,0.2419955228927158,0.0,710.6748531740152,314.555144860803
Random search,2,432,433,2.434876595434015,0.2419955228927158,0.0,710.6748531740152,314.555144860803
Random search,2,433,434,2.434876595434015,0.2419955228927158,0.0,710.6748531740152,314.555144860803
Random search,2,434,435,2.434876595434015,0.2419955228927158,0.0,710.6748531740152,314.555144860803
Random search,2,435,436,2.434876595434015,0.2419955228927158,0.0,710.6748531740152,314.555144860803
Random search,2,436,437,2.434876595434015,0.2419955228927158,0.0,710.6748531740152,314.555144860803
Random search,2,437,438,2.434876595434015,0.2419955228927158,0.0,710.6748531740152,314.555144860803
Random search,2,438,439,2.434876595434015,0.2419955228927158,0.0,710.6748531740152,314.555144860803
Random search,2,439,440,2.434876595434015,0.2419955228927158,0.0,710.6748531740152,314.555144860803
Random search,2,440,441,2.434876595434015,0.2419955228927158,0.0,710.6748531740152,314.555144860803
Random search,2,441,442,2.434876595434015,0.2419955228927158,0.0,710.6748531740152,314.555144860803
Random search,2,442,443,2.434876595434015,0.2419955228927158,0.0,710.6748531740152,314.555144860803
Random search,2,443,444,2.434876595434015,0.2419955228927158,0.0,710.6748531740152,314.555144860803
Random search,2,444,445,2.3809469886120587,0.24109445054337852,0.0,728.8487480554647,310.97957366675234
Random search,2,445,446,2.3809469886120587,0.24109445054337852,0.0,728.8487480554647,310.97957366675234
Random search,2,446,447,2.3809469886120587,0.24109445054337852,0.0,728.8487480554647,310.97957366675234
Random search,2,447,448,2.3809469886120587,0.24109445054337852,0.0,728.8487480554647,310.97957366675234
Random search,2,448,449,2.3809469886120587,0.24109445054337852,0.0,728.8487480554647,310.97957366675234
Random search,2,449,450,2.3809469886120587,0.24109445054337852,0.0,728.8487480554647,310.97957366675234
Random search,2,450,451,2.3809469886120587,0.24109445054337852,0.0,728.8487480554647,310.97957366675234
Random search,2,451,452,2.3809469886120587,0.24109445054337852,0.0,728.8487480554647,310.97957366675234
Random search,2,452,453,2.3809469886120587,0.24109445054337852,0.0,728.8487480554647,310.97957366675234
Random search,2,453,454,2.3809469886120587,0.24109445054337852,0.0,728.8487480554647,310.97957366675234
Random search,2,454,455,2.3809469886120587,0.24109445054337852,0.0,728.8487480554647,310.97957366675234
Random search,2,455,456,2.3809469886120587,0.24109445054337852,0.0,728.8487480554647,310.97957366675234
Random search,2,456,457,2.3809469886120587,0.24109445054337852,0.0,728.8487480554647,310.97957366675234
Random search,2,457,458,2.3809469886120587,0.24109445054337852,0.0,728.8487480554647,310.97957366675234
Random search,2,458,459,2.3809469886120587,0.24109445054337852,0.0,728.8487480554647,310.97957366675234
Random search,2,459,460,2.5537009945194318,0.22912346012484677,0.0,708.3690293468358,326.20700238662675
Random search,2,460,461,2.5537009945194318,0.22912346012484677,0.0,708.3690293468358,326.20700238662675
Random search,2,461,462,2.5865490262571047,0.2182510135009006,0.0,704.6605123696868,329.12095386267913
Random search,2,462,463,2.5865490262571047,0.2182510135009006,0.0,704.6605123696868,329.12095386267913
Random search,2,463,464,2.5865490262571047,0.2182510135009006,0.0,704.6605123696868,329.12095386267913
Random search,2,464,465,2.5865490262571047,0.2182510135009006,0.0,704.6605123696868,329.12095386267913
Random search,2,465,466,2.5865490262571047,0.2182510135009006,0.0,704.6605123696868,329.12095386267913
Random search,2,466,467,2.5865490262571047,0.2182510135009006,0.0,704.6605123696868,329.12095386267913
Random search,2,467,468,2.5865490262571047,0.2182510135009006,0.0,704.6605123696868,329.12095386267913
Random search,2,468,469,2.5865490262571047,0.2182510135009006,0.0,704.6605123696868,329.12095386267913
Random search,2,469,470,2.6119245216585134,0.20436709992814245,0.0,705.524664555994,331.7449186214507
Random search,2,470,471,2.6119245216585134,0.20436709992814245,0.0,705.524664555994,331.7449186214507
Random search,2,471,472,2.6119245216585134,0.20436709992814245,0.0,705.524664555994,331.7449186214507
Random search,2,472,473,2.6119245216585134,0.20436709992814245,0.0,705.524664555994,331.7449186214507
Random search,2,473,474,2.6119245216585134,0.20436709992814245,0.0,705.524664555994,331.7449186214507
Random search,2,474,475,2.6119245216585134,0.20436709992814245,0.0,705.524664555994,331.7449186214507
Random search,2,475,476,2.6119245216585134,0.20436709992814245,0.0,705.524664555994,331.7449186214507
Random search,2,476,477,2.6119245216585134,0.20436709992814245,0.0,705.524664555994,331.7449186214507
Random search,2,477,478,2.6119245216585134,0.20436709992814245,0.0,705.524664555994,331.7449186214507
Random search,2,478,479,2.6863103081359267,0.19366540030094528,0.0,696.7266662446045,338.3036974380531
Random search,2,479,480,2.6863103081359267,0.19366540030094528,0.0,696.7266662446045,338.3036974380531
Random search,2,480,481,2.6863103081359267,0.19366540030094528,0.0,696.7266662446045,338.3036974380531
Random search,2,481,482,2.6863103081359267,0.19366540030094528,0.0,696.7266662446045,338.3036974380531
Random search,2,482,483,2.6863103081359267,0.19366540030094528,0.0,696.7266662446045,338.3036974380531
Random search,2,483,484,2.801578260720688,0.19153989760046378,0.0,686.4310729367194,348.8009333657407
Random search,2,484,485,2.801578260720688,0.19153989760046378,0.0,686.4310729367194,348.8009333657407
Random search,2,485,486,2.801578260720688,0.19153989760046378,0.0,686.4310729367194,348.8009333657407
Random search,2,486,487,2.801578260720688,0.19153989760046378,0.0,686.4310729367194,348.8009333657407
Random search,2,487,488,2.801578260720688,0.19153989760046378,0.0,686.4310729367194,348.8009333657407
Random search,2,488,489,2.801578260720688,0.19153989760046378,0.0,686.4310729367194,348.8009333657407
Random search,2,489,490,2.801578260720688,0.19153989760046378,0.0,686.4310729367194,348.8009333657407
Random search,2,490,491,2.801578260720688,0.19153989760046378,0.0,686.4310729367194,348.8009333657407
Random search,2,491,492,2.801578260720688,0.19153989760046378,0.0,686.4310729367194,348.8009333657407
Random search,2,492,493,2.801578260720688,0.19153989760046378,0.0,686.4310729367194,348.8009333657407
Random search,2,493,494,2.801578260720688,0.19153989760046378,0.0,686.4310729367194,348.8009333657407
Random search,2,494,495,2.801578260720688,0.19153989760046378,0.0,686.4310729367194,348.8009333657407
Random search,2,495,496,2.801578260720688,0.19153989760046378,0.0,686.4310729367194,348.8009333657407
Random search,2,496,497,2.801578260720688,0.19153989760046378,0.0,686.4310729367194,348.8009333657407
Random search,2,497,498,2.801578260720688,0.19153989760046378,0.0,686.4310729367194,348.8009333657407
Random search,2,498,499,2.801578260720688,0.19153989760046378,0.0,686.4310729367194,348.8009333657407
Random search,2,499,500,2.801578260720688,0.19153989760046378,0.0,686.4310729367194,348.8009333657407
Finite difference,2,0,0,2.888286127197556,0.2820495138188152,0.4541904864824954,509.13424441958597,339.74203716171417
Finite difference,2,1,49,0.6543319739033346,0.8664448740747084,0.30676691001188844,1594.7251773480293,224.9057151251364
Finite difference,2,2,96,2.3782613783992663,0.5396772274999829,0.054030982182288564,1153.746306975198,353.20076853744644
Finite difference,2,3,143,0.6948848508342943,0.06472737519581023,0.019456194100015468,1553.9773952123903,224.88622460466846
Finite difference,2,4,187,0.3961811662020976,0.013707263556075345,0.0009392250042377295,1747.8491255768795,214.4030291778977
Finite difference,2,5,231,0.23835873994619833,0.001898837885657192,0.00013942430445302266,1845.9842366436685,208.43429765898668
Finite difference,2,6,275,0.23852750408623646,3.2787107660047416e-06,1.1540989442634004e-06,1845.5520643396037,208.407956842584
Finite difference,2,7,319,0.23853917362832228,1.111546546594996e-11,1.2064423534260034e-12,1845.5458372950336,208.4085010923356
Finite difference,2,8,360,0.23853917362832228,1.111546546594996e-11,1.2064423534260034e-12,1845.5458372950336,208.4085010923356
Finite difference,2,9,360,0.23853917362832228,1.111546546594996e-11,1.2064423534260034e-12,1845.5458372950336,208.4085010923356
Finite difference,2,10,360,0.23853917362832228,1.111546546594996e-11,1.2064423534260034e-12,1845.5458372950336,208.4085010923356
Finite difference,2,11,360,0.23853917362832228,1.111546546594996e-11,1.2064423534260034e-12,1845.5458372950336,208.4085010923356
Finite difference,2,12,360,0.23853917362832228,1.111546546594996e-11,1.2064423534260034e-12,1845.5458372950336,208.4085010923356
Finite difference,2,13,360,0.23853917362832228,1.111546546594996e-11,1.2064423534260034e-12,1845.5458372950336,208.4085010923356
Finite difference,2,14,360,0.23853917362832228,1.111546546594996e-11,1.2064423534260034e-12,1845.5458372950336,208.4085010923356
Finite difference,2,15,360,0.23853917362832228,1.111546546594996e-11,1.2064423534260034e-12,1845.5458372950336,208.4085010923356
Finite difference,2,16,360,0.23853917362832228,1.111546546594996e-11,1.2064423534260034e-12,1845.5458372950336,208.4085010923356
Finite difference,2,17,360,0.23853917362832228,1.111546546594996e-11,1.2064423534260034e-12,1845.5458372950336,208.4085010923356
Finite difference,2,18,360,0.23853917362832228,1.111546546594996e-11,1.2064423534260034e-12,1845.5458372950336,208.4085010923356
Finite difference,2,19,360,0.23853917362832228,1.111546546594996e-11,1.2064423534260034e-12,1845.5458372950336,208.4085010923356
Finite difference,2,20,360,0.23853917362832228,1.111546546594996e-11,1.2064423534260034e-12,1845.5458372950336,208.4085010923356
Finite difference,2,21,360,0.23853917362832228,1.111546546594996e-11,1.2064423534260034e-12,1845.5458372950336,208.4085010923356
Finite difference,2,22,360,0.23853917362832228,1.111546546594996e-11,1.2064423534260034e-12,1845.5458372950336,208.4085010923356
Finite difference,2,23,360,0.23853917362832228,1.111546546594996e-11,1.2064423534260034e-12,1845.5458372950336,208.4085010923356
Finite difference,2,24,360,0.23853917362832228,1.111546546594996e-11,1.2064423534260034e-12,1845.5458372950336,208.4085010923356
Finite difference,2,25,360,0.23853917362832228,1.111546546594996e-11,1.2064423534260034e-12,1845.5458372950336,208.4085010923356
Finite difference,2,26,360,0.23853917362832228,1.111546546594996e-11,1.2064423534260034e-12,1845.5458372950336,208.4085010923356
Finite difference,2,27,360,0.23853917362832228,1.111546546594996e-11,1.2064423534260034e-12,1845.5458372950336,208.4085010923356
Finite difference,2,28,360,0.23853917362832228,1.111546546594996e-11,1.2064423534260034e-12,1845.5458372950336,208.4085010923356
Finite difference,2,29,360,0.23853917362832228,1.111546546594996e-11,1.2064423534260034e-12,1845.5458372950336,208.4085010923356
Automatic differentiation,2,0,0,2.888286127197556,0.2820495138188152,0.4541904864824954,509.13424441958597,339.74203716171417
Automatic differentiation,2,1,10,0.6543326357332052,0.8664452045870603,0.3067669039823879,1594.7248682040183,224.90575039372234
Automatic differentiation,2,2,18,2.378260918174922,0.5396773634559283,0.054031046701083316,1153.7461818287213,353.2007100003643
Automatic differentiation,2,3,26,0.6948852469193351,0.06472744447084493,0.019456195413308574,1553.977196671698,224.8862443591033
Automatic differentiation,2,4,31,0.39618121638597764,0.01370729342305744,0.0009392251483867907,1747.849092907441,214.40303092934187
Automatic differentiation,2,5,36,0.23835873831868926,0.001898845206891247,0.00013942489544864175,1845.984238295021,208.43429766137103
Automatic differentiation,2,6,41,0.23852750442961887,3.2786813258407327e-06,1.1540739359716667e-06,1845.5520641622345,208.40795685918533
Automatic differentiation,2,7,46,0.23853917362207208,1.047500036057065e-11,3.3373289513318756e-12,1845.5458372987744,208.40850109208463
Automatic differentiation,2,8,48,0.23853917362207208,1.047500036057065e-11,3.3373289513318756e-12,1845.5458372987744,208.40850109208463
Automatic differentiation,2,9,48,0.23853917362207208,1.047500036057065e-11,3.3373289513318756e-12,1845.5458372987744,208.40850109208463
Automatic differentiation,2,10,48,0.23853917362207208,1.047500036057065e-11,3.3373289513318756e-12,1845.5458372987744,208.40850109208463
Automatic differentiation,2,11,48,0.23853917362207208,1.047500036057065e-11,3.3373289513318756e-12,1845.5458372987744,208.40850109208463
Automatic differentiation,2,12,48,0.23853917362207208,1.047500036057065e-11,3.3373289513318756e-12,1845.5458372987744,208.40850109208463
Automatic differentiation,2,13,48,0.23853917362207208,1.047500036057065e-11,3.3373289513318756e-12,1845.5458372987744,208.40850109208463
Automatic differentiation,2,14,48,0.23853917362207208,1.047500036057065e-11,3.3373289513318756e-12,1845.5458372987744,208.40850109208463
Automatic differentiation,2,15,48,0.23853917362207208,1.047500036057065e-11,3.3373289513318756e-12,1845.5458372987744,208.40850109208463
Automatic differentiation,2,16,48,0.23853917362207208,1.047500036057065e-11,3.3373289513318756e-12,1845.5458372987744,208.40850109208463
Automatic differentiation,2,17,48,0.23853917362207208,1.047500036057065e-11,3.3373289513318756e-12,1845.5458372987744,208.40850109208463
Automatic differentiation,2,18,48,0.23853917362207208,1.047500036057065e-11,3.3373289513318756e-12,1845.5458372987744,208.40850109208463
Automatic differentiation,2,19,48,0.23853917362207208,1.047500036057065e-11,3.3373289513318756e-12,1845.5458372987744,208.40850109208463
Automatic differentiation,2,20,48,0.23853917362207208,1.047500036057065e-11,3.3373289513318756e-12,1845.5458372987744,208.40850109208463
Automatic differentiation,2,21,48,0.23853917362207208,1.047500036057065e-11,3.3373289513318756e-12,1845.5458372987744,208.40850109208463
Automatic differentiation,2,22,48,0.23853917362207208,1.047500036057065e-11,3.3373289513318756e-12,1845.5458372987744,208.40850109208463
Automatic differentiation,2,23,48,0.23853917362207208,1.047500036057065e-11,3.3373289513318756e-12,1845.5458372987744,208.40850109208463
Automatic differentiation,2,24,48,0.23853917362207208,1.047500036057065e-11,3.3373289513318756e-12,1845.5458372987744,208.40850109208463
Automatic differentiation,2,25,48,0.23853917362207208,1.047500036057065e-11,3.3373289513318756e-12,1845.5458372987744,208.40850109208463
Automatic differentiation,2,26,48,0.23853917362207208,1.047500036057065e-11,3.3373289513318756e-12,1845.5458372987744,208.40850109208463
Automatic differentiation,2,27,48,0.23853917362207208,1.047500036057065e-11,3.3373289513318756e-12,1845.5458372987744,208.40850109208463
Automatic differentiation,2,28,48,0.23853917362207208,1.047500036057065e-11,3.3373289513318756e-12,1845.5458372987744,208.40850109208463
Automatic differentiation,2,29,48,0.23853917362207208,1.047500036057065e-11,3.3373289513318756e-12,1845.5458372987744,208.40850109208463
Random search,3,0,1,2.912075574305785,0.29099708691610965,0.3467146696363826,500.9875167461689,341.3063091051954
Random search,3,1,2,2.912075574305785,0.29099708691610965,0.3467146696363826,500.9875167461689,341.3063091051954
Random search,3,2,3,2.912075574305785,0.29099708691610965,0.3467146696363826,500.9875167461689,341.3063091051954
Random search,3,3,4,2.912075574305785,0.29099708691610965,0.3467146696363826,500.9875167461689,341.3063091051954
Random search,3,4,5,2.912075574305785,0.29099708691610965,0.3467146696363826,500.9875167461689,341.3063091051954
Random search,3,5,6,2.912075574305785,0.29099708691610965,0.3467146696363826,500.9875167461689,341.3063091051954
Random search,3,6,7,2.912075574305785,0.29099708691610965,0.3467146696363826,500.9875167461689,341.3063091051954
Random search,3,7,8,2.912075574305785,0.29099708691610965,0.3467146696363826,500.9875167461689,341.3063091051954
Random search,3,8,9,2.912075574305785,0.29099708691610965,0.3467146696363826,500.9875167461689,341.3063091051954
Random search,3,9,10,2.912075574305785,0.29099708691610965,0.3467146696363826,500.9875167461689,341.3063091051954
Random search,3,10,11,2.912075574305785,0.29099708691610965,0.3467146696363826,500.9875167461689,341.3063091051954
Random search,3,11,12,2.912075574305785,0.29099708691610965,0.3467146696363826,500.9875167461689,341.3063091051954
Random search,3,12,13,2.912075574305785,0.29099708691610965,0.3467146696363826,500.9875167461689,341.3063091051954
Random search,3,13,14,2.912075574305785,0.29099708691610965,0.3467146696363826,500.9875167461689,341.3063091051954
Random search,3,14,15,2.912075574305785,0.29099708691610965,0.3467146696363826,500.9875167461689,341.3063091051954
Random search,3,15,16,2.912075574305785,0.29099708691610965,0.3467146696363826,500.9875167461689,341.3063091051954
Random search,3,16,17,2.912075574305785,0.29099708691610965,0.3467146696363826,500.9875167461689,341.3063091051954
Random search,3,17,18,2.912075574305785,0.29099708691610965,0.3467146696363826,500.9875167461689,341.3063091051954
Random search,3,18,19,2.912075574305785,0.29099708691610965,0.3467146696363826,500.9875167461689,341.3063091051954
Random search,3,19,20,2.912075574305785,0.29099708691610965,0.3467146696363826,500.9875167461689,341.3063091051954
Random search,3,20,21,2.912075574305785,0.29099708691610965,0.3467146696363826,500.9875167461689,341.3063091051954
Random search,3,21,22,2.912075574305785,0.29099708691610965,0.3467146696363826,500.9875167461689,341.3063091051954
Random search,3,22,23,2.912075574305785,0.29099708691610965,0.3467146696363826,500.9875167461689,341.3063091051954
Random search,3,23,24,2.912075574305785,0.29099708691610965,0.3467146696363826,500.9875167461689,341.3063091051954
Random search,3,24,25,2.912075574305785,0.29099708691610965,0.3467146696363826,500.9875167461689,341.3063091051954
Random search,3,25,26,2.912075574305785,0.29099708691610965,0.3467146696363826,500.9875167461689,341.3063091051954
Random search,3,26,27,2.912075574305785,0.29099708691610965,0.3467146696363826,500.9875167461689,341.3063091051954
Random search,3,27,28,2.912075574305785,0.29099708691610965,0.3467146696363826,500.9875167461689,341.3063091051954
Random search,3,28,29,2.912075574305785,0.29099708691610965,0.3467146696363826,500.9875167461689,341.3063091051954
Random search,3,29,30,2.912075574305785,0.29099708691610965,0.3467146696363826,500.9875167461689,341.3063091051954
Random search,3,30,31,2.912075574305785,0.29099708691610965,0.3467146696363826,500.9875167461689,341.3063091051954
Random search,3,31,32,2.912075574305785,0.29099708691610965,0.3467146696363826,500.9875167461689,341.3063091051954
Random search,3,32,33,2.912075574305785,0.29099708691610965,0.3467146696363826,500.9875167461689,341.3063091051954
Random search,3,33,34,2.912075574305785,0.29099708691610965,0.3467146696363826,500.9875167461689,341.3063091051954
Random search,3,34,35,2.912075574305785,0.29099708691610965,0.3467146696363826,500.9875167461689,341.3063091051954
Random search,3,35,36,2.912075574305785,0.29099708691610965,0.3467146696363826,500.9875167461689,341.3063091051954
Random search,3,36,37,2.912075574305785,0.29099708691610965,0.3467146696363826,500.9875167461689,341.3063091051954
Random search,3,37,38,2.912075574305785,0.29099708691610965,0.3467146696363826,500.9875167461689,341.3063091051954
Random search,3,38,39,2.912075574305785,0.29099708691610965,0.3467146696363826,500.9875167461689,341.3063091051954
Random search,3,39,40,2.912075574305785,0.29099708691610965,0.3467146696363826,500.9875167461689,341.3063091051954
Random search,3,40,41,2.912075574305785,0.29099708691610965,0.3467146696363826,500.9875167461689,341.3063091051954
Random search,3,41,42,2.912075574305785,0.29099708691610965,0.3467146696363826,500.9875167461689,341.3063091051954
Random search,3,42,43,2.912075574305785,0.29099708691610965,0.3467146696363826,500.9875167461689,341.3063091051954
Random search,3,43,44,2.912075574305785,0.29099708691610965,0.3467146696363826,500.9875167461689,341.3063091051954
Random search,3,44,45,2.912075574305785,0.29099708691610965,0.3467146696363826,500.9875167461689,341.3063091051954
Random search,3,45,46,2.912075574305785,0.29099708691610965,0.3467146696363826,500.9875167461689,341.3063091051954
Random search,3,46,47,2.912075574305785,0.29099708691610965,0.3467146696363826,500.9875167461689,341.3063091051954
Random search,3,47,48,2.912075574305785,0.29099708691610965,0.3467146696363826,500.9875167461689,341.3063091051954
Random search,3,48,49,2.912075574305785,0.29099708691610965,0.3467146696363826,500.9875167461689,341.3063091051954
Random search,3,49,50,2.912075574305785,0.29099708691610965,0.3467146696363826,500.9875167461689,341.3063091051954
Random search,3,50,51,2.912075574305785,0.29099708691610965,0.3467146696363826,500.9875167461689,341.3063091051954
Random search,3,51,52,2.912075574305785,0.29099708691610965,0.3467146696363826,500.9875167461689,341.3063091051954
Random search,3,52,53,2.912075574305785,0.29099708691610965,0.3467146696363826,500.9875167461689,341.3063091051954
Random search,3,53,54,2.912075574305785,0.29099708691610965,0.3467146696363826,500.9875167461689,341.3063091051954
Random search,3,54,55,2.912075574305785,0.29099708691610965,0.3467146696363826,500.9875167461689,341.3063091051954
Random search,3,55,56,2.912075574305785,0.29099708691610965,0.3467146696363826,500.9875167461689,341.3063091051954
Random search,3,56,57,2.912075574305785,0.29099708691610965,0.3467146696363826,500.9875167461689,341.3063091051954
Random search,3,57,58,2.912075574305785,0.29099708691610965,0.3467146696363826,500.9875167461689,341.3063091051954
Random search,3,58,59,2.912075574305785,0.29099708691610965,0.3467146696363826,500.9875167461689,341.3063091051954
Random search,3,59,60,2.7074379755390052,0.2732346956174846,0.28139428278725537,572.755903530912,328.0193879069917
Random search,3,60,61,2.7074379755390052,0.2732346956174846,0.28139428278725537,572.755903530912,328.0193879069917
Random search,3,61,62,2.7074379755390052,0.2732346956174846,0.28139428278725537,572.755903530912,328.0193879069917
Random search,3,62,63,2.7074379755390052,0.2732346956174846,0.28139428278725537,572.755903530912,328.0193879069917
Random search,3,63,64,2.7074379755390052,0.2732346956174846,0.28139428278725537,572.755903530912,328.0193879069917
Random search,3,64,65,2.7074379755390052,0.2732346956174846,0.28139428278725537,572.755903530912,328.0193879069917
Random search,3,65,66,2.7074379755390052,0.2732346956174846,0.28139428278725537,572.755903530912,328.0193879069917
Random search,3,66,67,2.7074379755390052,0.2732346956174846,0.28139428278725537,572.755903530912,328.0193879069917
Random search,3,67,68,2.7074379755390052,0.2732346956174846,0.28139428278725537,572.755903530912,328.0193879069917
Random search,3,68,69,2.7074379755390052,0.2732346956174846,0.28139428278725537,572.755903530912,328.0193879069917
Random search,3,69,70,2.7074379755390052,0.2732346956174846,0.28139428278725537,572.755903530912,328.0193879069917
Random search,3,70,71,2.7074379755390052,0.2732346956174846,0.28139428278725537,572.755903530912,328.0193879069917
Random search,3,71,72,2.7074379755390052,0.2732346956174846,0.28139428278725537,572.755903530912,328.0193879069917
Random search,3,72,73,2.7074379755390052,0.2732346956174846,0.28139428278725537,572.755903530912,328.0193879069917
Random search,3,73,74,2.7074379755390052,0.2732346956174846,0.28139428278725537,572.755903530912,328.0193879069917
Random search,3,74,75,2.7074379755390052,0.2732346956174846,0.28139428278725537,572.755903530912,328.0193879069917
Random search,3,75,76,2.7074379755390052,0.2732346956174846,0.28139428278725537,572.755903530912,328.0193879069917
Random search,3,76,77,2.7074379755390052,0.2732346956174846,0.28139428278725537,572.755903530912,328.0193879069917
Random search,3,77,78,2.7074379755390052,0.2732346956174846,0.28139428278725537,572.755903530912,328.0193879069917
Random search,3,78,79,2.7074379755390052,0.2732346956174846,0.28139428278725537,572.755903530912,328.0193879069917
Random search,3,79,80,2.7074379755390052,0.2732346956174846,0.28139428278725537,572.755903530912,328.0193879069917
Random search,3,80,81,2.7074379755390052,0.2732346956174846,0.28139428278725537,572.755903530912,328.0193879069917
Random search,3,81,82,2.7074379755390052,0.2732346956174846,0.28139428278725537,572.755903530912,328.0193879069917
Random search,3,82,83,2.7074379755390052,0.2732346956174846,0.28139428278725537,572.755903530912,328.0193879069917
Random search,3,83,84,2.7074379755390052,0.2732346956174846,0.28139428278725537,572.755903530912,328.0193879069917
Random search,3,84,85,2.7074379755390052,0.2732346956174846,0.28139428278725537,572.755903530912,328.0193879069917
Random search,3,85,86,2.7074379755390052,0.2732346956174846,0.28139428278725537,572.755903530912,328.0193879069917
Random search,3,86,87,2.7074379755390052,0.2732346956174846,0.28139428278725537,572.755903530912,328.0193879069917
Random search,3,87,88,2.7074379755390052,0.2732346956174846,0.28139428278725537,572.755903530912,328.0193879069917
Random search,3,88,89,2.7074379755390052,0.2732346956174846,0.28139428278725537,572.755903530912,328.0193879069917
Random search,3,89,90,2.7074379755390052,0.2732346956174846,0.28139428278725537,572.755903530912,328.0193879069917
Random search,3,90,91,2.7074379755390052,0.2732346956174846,0.28139428278725537,572.755903530912,328.0193879069917
Random search,3,91,92,2.7074379755390052,0.2732346956174846,0.28139428278725537,572.755903530912,328.0193879069917
Random search,3,92,93,2.7074379755390052,0.2732346956174846,0.28139428278725537,572.755903530912,328.0193879069917
Random search,3,93,94,2.7074379755390052,0.2732346956174846,0.28139428278725537,572.755903530912,328.0193879069917
Random search,3,94,95,2.7074379755390052,0.2732346956174846,0.28139428278725537,572.755903530912,328.0193879069917
Random search,3,95,96,2.7074379755390052,0.2732346956174846,0.28139428278725537,572.755903530912,328.0193879069917
Random search,3,96,97,2.7074379755390052,0.2732346956174846,0.28139428278725537,572.755903530912,328.0193879069917
Random search,3,97,98,2.7074379755390052,0.2732346956174846,0.28139428278725537,572.755903530912,328.0193879069917
Random search,3,98,99,2.7074379755390052,0.2732346956174846,0.28139428278725537,572.755903530912,328.0193879069917
Random search,3,99,100,2.7074379755390052,0.2732346956174846,0.28139428278725537,572.755903530912,328.0193879069917
Random search,3,100,101,2.7074379755390052,0.2732346956174846,0.28139428278725537,572.755903530912,328.0193879069917
Random search,3,101,102,2.7074379755390052,0.2732346956174846,0.28139428278725537,572.755903530912,328.0193879069917
Random search,3,102,103,2.7074379755390052,0.2732346956174846,0.28139428278725537,572.755903530912,328.0193879069917
Random search,3,103,104,3.444414384951906,0.47196228293124076,0.0601423075763264,469.9288462118368,391.4343231163743
Random search,3,104,105,3.444414384951906,0.47196228293124076,0.0601423075763264,469.9288462118368,391.4343231163743
Random search,3,105,106,3.444414384951906,0.47196228293124076,0.0601423075763264,469.9288462118368,391.4343231163743
Random search,3,106,107,3.444414384951906,0.47196228293124076,0.0601423075763264,469.9288462118368,391.4343231163743
Random search,3,107,108,3.444414384951906,0.47196228293124076,0.0601423075763264,469.9288462118368,391.4343231163743
Random search,3,108,109,3.444414384951906,0.47196228293124076,0.0601423075763264,469.9288462118368,391.4343231163743
Random search,3,109,110,3.444414384951906,0.47196228293124076,0.0601423075763264,469.9288462118368,391.4343231163743
Random search,3,110,111,3.444414384951906,0.47196228293124076,0.0601423075763264,469.9288462118368,391.4343231163743
Random search,3,111,112,3.444414384951906,0.47196228293124076,0.0601423075763264,469.9288462118368,391.4343231163743
Random search,3,112,113,3.444414384951906,0.47196228293124076,0.0601423075763264,469.9288462118368,391.4343231163743
Random search,3,113,114,3.482864759333291,0.43233162867904384,0.06387623374803889,468.06188312598056,395.09266424592715
Random search,3,114,115,3.482864759333291,0.43233162867904384,0.06387623374803889,468.06188312598056,395.09266424592715
Random search,3,115,116,3.482864759333291,0.43233162867904384,0.06387623374803889,468.06188312598056,395.09266424592715
Random search,3,116,117,3.482864759333291,0.43233162867904384,0.06387623374803889,468.06188312598056,395.09266424592715
Random search,3,117,118,3.482864759333291,0.43233162867904384,0.06387623374803889,468.06188312598056,395.09266424592715
Random search,3,118,119,3.482864759333291,0.43233162867904384,0.06387623374803889,468.06188312598056,395.09266424592715
Random search,3,119,120,3.482864759333291,0.43233162867904384,0.06387623374803889,468.06188312598056,395.09266424592715
Random search,3,120,121,3.482864759333291,0.43233162867904384,0.06387623374803889,468.06188312598056,395.09266424592715
Random search,3,121,122,3.482864759333291,0.43233162867904384,0.06387623374803889,468.06188312598056,395.09266424592715
Random search,3,122,123,3.482864759333291,0.43233162867904384,0.06387623374803889,468.06188312598056,395.09266424592715
Random search,3,123,124,3.482864759333291,0.43233162867904384,0.06387623374803889,468.06188312598056,395.09266424592715
Random search,3,124,125,3.482864759333291,0.43233162867904384,0.06387623374803889,468.06188312598056,395.09266424592715
Random search,3,125,126,3.482864759333291,0.43233162867904384,0.06387623374803889,468.06188312598056,395.09266424592715
Random search,3,126,127,3.482864759333291,0.43233162867904384,0.06387623374803889,468.06188312598056,395.09266424592715
Random search,3,127,128,3.482864759333291,0.43233162867904384,0.06387623374803889,468.06188312598056,395.09266424592715
Random search,3,128,129,3.482864759333291,0.43233162867904384,0.06387623374803889,468.06188312598056,395.09266424592715
Random search,3,129,130,3.482864759333291,0.43233162867904384,0.06387623374803889,468.06188312598056,395.09266424592715
Random search,3,130,131,3.482864759333291,0.43233162867904384,0.06387623374803889,468.06188312598056,395.09266424592715
Random search,3,131,132,3.482864759333291,0.43233162867904384,0.06387623374803889,468.06188312598056,395.09266424592715
Random search,3,132,133,3.482864759333291,0.43233162867904384,0.06387623374803889,468.06188312598056,395.09266424592715
Random search,3,133,134,3.482864759333291,0.43233162867904384,0.06387623374803889,468.06188312598056,395.09266424592715
Random search,3,134,135,3.482864759333291,0.43233162867904384,0.06387623374803889,468.06188312598056,395.09266424592715
Random search,3,135,136,3.482864759333291,0.43233162867904384,0.06387623374803889,468.06188312598056,395.09266424592715
Random search,3,136,137,3.482864759333291,0.43233162867904384,0.06387623374803889,468.06188312598056,395.09266424592715
Random search,3,137,138,3.482864759333291,0.43233162867904384,0.06387623374803889,468.06188312598056,395.09266424592715
Random search,3,138,139,3.482864759333291,0.43233162867904384,0.06387623374803889,468.06188312598056,395.09266424592715
Random search,3,139,140,3.482864759333291,0.43233162867904384,0.06387623374803889,468.06188312598056,395.09266424592715
Random search,3,140,141,3.482864759333291,0.43233162867904384,0.06387623374803889,468.06188312598056,395.09266424592715
Random search,3,141,142,3.482864759333291,0.43233162867904384,0.06387623374803889,468.06188312598056,395.09266424592715
Random search,3,142,143,3.482864759333291,0.43233162867904384,0.06387623374803889,468.06188312598056,395.09266424592715
Random search,3,143,144,3.482864759333291,0.43233162867904384,0.06387623374803889,468.06188312598056,395.09266424592715
Random search,3,144,145,3.482864759333291,0.43233162867904384,0.06387623374803889,468.06188312598056,395.09266424592715
Random search,3,145,146,3.482864759333291,0.43233162867904384,0.06387623374803889,468.06188312598056,395.09266424592715
Random search,3,146,147,3.482864759333291,0.43233162867904384,0.06387623374803889,468.06188312598056,395.09266424592715
Random search,3,147,148,3.482864759333291,0.43233162867904384,0.06387623374803889,468.06188312598056,395.09266424592715
Random search,3,148,149,3.482864759333291,0.43233162867904384,0.06387623374803889,468.06188312598056,395.09266424592715
Random search,3,149,150,2.709717752427786,0.3706436439851909,0.11872066678511972,597.8907094440825,330.7608461871868
Random search,3,150,151,2.709717752427786,0.3706436439851909,0.11872066678511972,597.8907094440825,330.7608461871868
Random search,3,151,152,4.165332638002953,0.274694427732539,0.11844170991798558,440.7791450410072,460.611178304396
Random search,3,152,153,4.165332638002953,0.274694427732539,0.11844170991798558,440.7791450410072,460.611178304396
Random search,3,153,154,4.165332638002953,0.274694427732539,0.11844170991798558,440.7791450410072,460.611178304396
Random search,3,154,155,4.165332638002953,0.274694427732539,0.11844170991798558,440.7791450410072,460.611178304396
Random search,3,155,156,4.165332638002953,0.274694427732539,0.11844170991798558,440.7791450410072,460.611178304396
Random search,3,156,157,4.165332638002953,0.274694427732539,0.11844170991798558,440.7791450410072,460.611178304396
Random search,3,157,158,4.165332638002953,0.274694427732539,0.11844170991798558,440.7791450410072,460.611178304396
Random search,3,158,159,3.635919477257737,0.22929484761847063,0.0,509.1911155902019,414.5110592847939
Random search,3,159,160,3.635919477257737,0.22929484761847063,0.0,509.1911155902019,414.5110592847939
Random search,3,160,161,3.635919477257737,0.22929484761847063,0.0,509.1911155902019,414.5110592847939
Random search,3,161,162,3.635919477257737,0.22929484761847063,0.0,509.1911155902019,414.5110592847939
Random search,3,162,163,3.635919477257737,0.22929484761847063,0.0,509.1911155902019,414.5110592847939
Random search,3,163,164,3.635919477257737,0.22929484761847063,0.0,509.1911155902019,414.5110592847939
Random search,3,164,165,3.635919477257737,0.22929484761847063,0.0,509.1911155902019,414.5110592847939
Random search,3,165,166,3.635919477257737,0.22929484761847063,0.0,509.1911155902019,414.5110592847939
Random search,3,166,167,3.635919477257737,0.22929484761847063,0.0,509.1911155902019,414.5110592847939
Random search,3,167,168,3.635919477257737,0.22929484761847063,0.0,509.1911155902019,414.5110592847939
Random search,3,168,169,3.635919477257737,0.22929484761847063,0.0,509.1911155902019,414.5110592847939
Random search,3,169,170,3.635919477257737,0.22929484761847063,0.0,509.1911155902019,414.5110592847939
Random search,3,170,171,3.635919477257737,0.22929484761847063,0.0,509.1911155902019,414.5110592847939
Random search,3,171,172,3.2542968712052134,0.2283300129051276,0.0,558.3400224661501,381.26368936713635
Random search,3,172,173,3.2542968712052134,0.2283300129051276,0.0,558.3400224661501,381.26368936713635
Random search,3,173,174,3.2542968712052134,0.2283300129051276,0.0,558.3400224661501,381.26368936713635
Random search,3,174,175,3.2542968712052134,0.2283300129051276,0.0,558.3400224661501,381.26368936713635
Random search,3,175,176,3.2542968712052134,0.2283300129051276,0.0,558.3400224661501,381.26368936713635
Random search,3,176,177,3.2542968712052134,0.2283300129051276,0.0,558.3400224661501,381.26368936713635
Random search,3,177,178,3.2542968712052134,0.2283300129051276,0.0,558.3400224661501,381.26368936713635
Random search,3,178,179,3.2542968712052134,0.2283300129051276,0.0,558.3400224661501,381.26368936713635
Random search,3,179,180,3.2542968712052134,0.2283300129051276,0.0,558.3400224661501,381.26368936713635
Random search,3,180,181,3.2542968712052134,0.2283300129051276,0.0,558.3400224661501,381.26368936713635
Random search,3,181,182,3.2542968712052134,0.2283300129051276,0.0,558.3400224661501,381.26368936713635
Random search,3,182,183,3.2542968712052134,0.2283300129051276,0.0,558.3400224661501,381.26368936713635
Random search,3,183,184,3.2542968712052134,0.2283300129051276,0.0,558.3400224661501,381.26368936713635
Random search,3,184,185,3.2542968712052134,0.2283300129051276,0.0,558.3400224661501,381.26368936713635
Random search,3,185,186,3.2542968712052134,0.2283300129051276,0.0,558.3400224661501,381.26368936713635
Random search,3,186,187,3.2542968712052134,0.2283300129051276,0.0,558.3400224661501,381.26368936713635
Random search,3,187,188,3.2542968712052134,0.2283300129051276,0.0,558.3400224661501,381.26368936713635
Random search,3,188,189,3.2542968712052134,0.2283300129051276,0.0,558.3400224661501,381.26368936713635
Random search,3,189,190,3.2542968712052134,0.2283300129051276,0.0,558.3400224661501,381.26368936713635
Random search,3,190,191,3.2542968712052134,0.2283300129051276,0.0,558.3400224661501,381.26368936713635
Random search,3,191,192,3.2542968712052134,0.2283300129051276,0.0,558.3400224661501,381.26368936713635
Random search,3,192,193,3.2542968712052134,0.2283300129051276,0.0,558.3400224661501,381.26368936713635
Random search,3,193,194,3.2542968712052134,0.2283300129051276,0.0,558.3400224661501,381.26368936713635
Random search,3,194,195,3.2542968712052134,0.2283300129051276,0.0,558.3400224661501,381.26368936713635
Random search,3,195,196,3.2542968712052134,0.2283300129051276,0.0,558.3400224661501,381.26368936713635
Random search,3,196,197,3.2542968712052134,0.2283300129051276,0.0,558.3400224661501,381.26368936713635
Random search,3,197,198,3.2542968712052134,0.2283300129051276,0.0,558.3400224661501,381.26368936713635
Random search,3,198,199,3.2542968712052134,0.2283300129051276,0.0,558.3400224661501,381.26368936713635
Random search,3,199,200,3.2542968712052134,0.2283300129051276,0.0,558.3400224661501,381.26368936713635
Random search,3,200,201,3.2542968712052134,0.2283300129051276,0.0,558.3400224661501,381.26368936713635
Random search,3,201,202,3.2542968712052134,0.2283300129051276,0.0,558.3400224661501,381.26368936713635
Random search,3,202,203,3.2542968712052134,0.2283300129051276,0.0,558.3400224661501,381.26368936713635
Random search,3,203,204,3.2542968712052134,0.2283300129051276,0.0,558.3400224661501,381.26368936713635
Random search,3,204,205,3.2542968712052134,0.2283300129051276,0.0,558.3400224661501,381.26368936713635
Random search,3,205,206,3.2542968712052134,0.2283300129051276,0.0,558.3400224661501,381.26368936713635
Random search,3,206,207,3.2542968712052134,0.2283300129051276,0.0,558.3400224661501,381.26368936713635
Random search,3,207,208,3.2542968712052134,0.2283300129051276,0.0,558.3400224661501,381.26368936713635
Random search,3,208,209,3.2542968712052134,0.2283300129051276,0.0,558.3400224661501,381.26368936713635
Random search,3,209,210,3.2542968712052134,0.2283300129051276,0.0,558.3400224661501,381.26368936713635
Random search,3,210,211,3.2542968712052134,0.2283300129051276,0.0,558.3400224661501,381.26368936713635
Random search,3,211,212,3.2542968712052134,0.2283300129051276,0.0,558.3400224661501,381.26368936713635
Random search,3,212,213,3.2542968712052134,0.2283300129051276,0.0,558.3400224661501,381.26368936713635
Random search,3,213,214,3.2542968712052134,0.2283300129051276,0.0,558.3400224661501,381.26368936713635
Random search,3,214,215,3.2542968712052134,0.2283300129051276,0.0,558.3400224661501,381.26368936713635
Random search,3,215,216,3.2542968712052134,0.2283300129051276,0.0,558.3400224661501,381.26368936713635
Random search,3,216,217,3.2542968712052134,0.2283300129051276,0.0,558.3400224661501,381.26368936713635
Random search,3,217,218,3.2542968712052134,0.2283300129051276,0.0,558.3400224661501,381.26368936713635
Random search,3,218,219,3.2542968712052134,0.2283300129051276,0.0,558.3400224661501,381.26368936713635
Random search,3,219,220,3.2542968712052134,0.2283300129051276,0.0,558.3400224661501,381.26368936713635
Random search,3,220,221,3.2542968712052134,0.2283300129051276,0.0,558.3400224661501,381.26368936713635
Random search,3,221,222,3.2542968712052134,0.2283300129051276,0.0,558.3400224661501,381.26368936713635
Random search,3,222,223,3.2542968712052134,0.2283300129051276,0.0,558.3400224661501,381.26368936713635
Random search,3,223,224,3.2542968712052134,0.2283300129051276,0.0,558.3400224661501,381.26368936713635
Random search,3,224,225,3.2542968712052134,0.2283300129051276,0.0,558.3400224661501,381.26368936713635
Random search,3,225,226,3.2542968712052134,0.2283300129051276,0.0,558.3400224661501,381.26368936713635
Random search,3,226,227,3.2542968712052134,0.2283300129051276,0.0,558.3400224661501,381.26368936713635
Random search,3,227,228,3.2542968712052134,0.2283300129051276,0.0,558.3400224661501,381.26368936713635
Random search,3,228,229,3.2542968712052134,0.2283300129051276,0.0,558.3400224661501,381.26368936713635
Random search,3,229,230,3.2542968712052134,0.2283300129051276,0.0,558.3400224661501,381.26368936713635
Random search,3,230,231,3.2542968712052134,0.2283300129051276,0.0,558.3400224661501,381.26368936713635
Random search,3,231,232,3.2542968712052134,0.2283300129051276,0.0,558.3400224661501,381.26368936713635
Random search,3,232,233,3.2542968712052134,0.2283300129051276,0.0,558.3400224661501,381.26368936713635
Random search,3,233,234,3.2542968712052134,0.2283300129051276,0.0,558.3400224661501,381.26368936713635
Random search,3,234,235,3.2542968712052134,0.2283300129051276,0.0,558.3400224661501,381.26368936713635
Random search,3,235,236,3.2542968712052134,0.2283300129051276,0.0,558.3400224661501,381.26368936713635
Random search,3,236,237,3.2542968712052134,0.2283300129051276,0.0,558.3400224661501,381.26368936713635
Random search,3,237,238,3.2542968712052134,0.2283300129051276,0.0,558.3400224661501,381.26368936713635
Random search,3,238,239,3.2542968712052134,0.2283300129051276,0.0,558.3400224661501,381.26368936713635
Random search,3,239,240,3.2542968712052134,0.2283300129051276,0.0,558.3400224661501,381.26368936713635
Random search,3,240,241,3.2542968712052134,0.2283300129051276,0.0,558.3400224661501,381.26368936713635
Random search,3,241,242,3.2542968712052134,0.2283300129051276,0.0,558.3400224661501,381.26368936713635
Random search,3,242,243,3.2542968712052134,0.2283300129051276,0.0,558.3400224661501,381.26368936713635
Random search,3,243,244,3.2542968712052134,0.2283300129051276,0.0,558.3400224661501,381.26368936713635
Random search,3,244,245,3.2542968712052134,0.2283300129051276,0.0,558.3400224661501,381.26368936713635
Random search,3,245,246,3.2542968712052134,0.2283300129051276,0.0,558.3400224661501,381.26368936713635
Random search,3,246,247,3.2542968712052134,0.2283300129051276,0.0,558.3400224661501,381.26368936713635
Random search,3,247,248,3.2542968712052134,0.2283300129051276,0.0,558.3400224661501,381.26368936713635
Random search,3,248,249,3.2542968712052134,0.2283300129051276,0.0,558.3400224661501,381.26368936713635
Random search,3,249,250,3.2542968712052134,0.2283300129051276,0.0,558.3400224661501,381.26368936713635
Random search,3,250,251,3.2542968712052134,0.2283300129051276,0.0,558.3400224661501,381.26368936713635
Random search,3,251,252,3.2542968712052134,0.2283300129051276,0.0,558.3400224661501,381.26368936713635
Random search,3,252,253,3.2542968712052134,0.2283300129051276,0.0,558.3400224661501,381.26368936713635
Random search,3,253,254,3.2542968712052134,0.2283300129051276,0.0,558.3400224661501,381.26368936713635
Random search,3,254,255,3.2542968712052134,0.2283300129051276,0.0,558.3400224661501,381.26368936713635
Random search,3,255,256,3.2542968712052134,0.2283300129051276,0.0,558.3400224661501,381.26368936713635
Random search,3,256,257,3.2542968712052134,0.2283300129051276,0.0,558.3400224661501,381.26368936713635
Random search,3,257,258,3.4167991106046394,0.2082373928663148,0.006577732419942553,529.1212317780756,394.5920342382715
Random search,3,258,259,3.4167991106046394,0.2082373928663148,0.006577732419942553,529.1212317780756,394.5920342382715
Random search,3,259,260,3.4167991106046394,0.2082373928663148,0.006577732419942553,529.1212317780756,394.5920342382715
Random search,3,260,261,3.4167991106046394,0.2082373928663148,0.006577732419942553,529.1212317780756,394.5920342382715
Random search,3,261,262,3.4167991106046394,0.2082373928663148,0.006577732419942553,529.1212317780756,394.5920342382715
Random search,3,262,263,3.4167991106046394,0.2082373928663148,0.006577732419942553,529.1212317780756,394.5920342382715
Random search,3,263,264,3.4167991106046394,0.2082373928663148,0.006577732419942553,529.1212317780756,394.5920342382715
Random search,3,264,265,3.4167991106046394,0.2082373928663148,0.006577732419942553,529.1212317780756,394.5920342382715
Random search,3,265,266,3.4167991106046394,0.2082373928663148,0.006577732419942553,529.1212317780756,394.5920342382715
Random search,3,266,267,3.4167991106046394,0.2082373928663148,0.006577732419942553,529.1212317780756,394.5920342382715
Random search,3,267,268,3.4167991106046394,0.2082373928663148,0.006577732419942553,529.1212317780756,394.5920342382715
Random search,3,268,269,3.4167991106046394,0.2082373928663148,0.006577732419942553,529.1212317780756,394.5920342382715
Random search,3,269,270,3.4167991106046394,0.2082373928663148,0.006577732419942553,529.1212317780756,394.5920342382715
Random search,3,270,271,3.4167991106046394,0.2082373928663148,0.006577732419942553,529.1212317780756,394.5920342382715
Random search,3,271,272,3.4167991106046394,0.2082373928663148,0.006577732419942553,529.1212317780756,394.5920342382715
Random search,3,272,273,3.4167991106046394,0.2082373928663148,0.006577732419942553,529.1212317780756,394.5920342382715
Random search,3,273,274,3.4167991106046394,0.2082373928663148,0.006577732419942553,529.1212317780756,394.5920342382715
Random search,3,274,275,3.4167991106046394,0.2082373928663148,0.006577732419942553,529.1212317780756,394.5920342382715
Random search,3,275,276,3.4167991106046394,0.2082373928663148,0.006577732419942553,529.1212317780756,394.5920342382715
Random search,3,276,277,3.4167991106046394,0.2082373928663148,0.006577732419942553,529.1212317780756,394.5920342382715
Random search,3,277,278,3.4167991106046394,0.2082373928663148,0.006577732419942553,529.1212317780756,394.5920342382715
Random search,3,278,279,3.4167991106046394,0.2082373928663148,0.006577732419942553,529.1212317780756,394.5920342382715
Random search,3,279,280,3.4167991106046394,0.2082373928663148,0.006577732419942553,529.1212317780756,394.5920342382715
Random search,3,280,281,3.4167991106046394,0.2082373928663148,0.006577732419942553,529.1212317780756,394.5920342382715
Random search,3,281,282,3.4167991106046394,0.2082373928663148,0.006577732419942553,529.1212317780756,394.5920342382715
Random search,3,282,283,3.4167991106046394,0.2082373928663148,0.006577732419942553,529.1212317780756,394.5920342382715
Random search,3,283,284,3.4167991106046394,0.2082373928663148,0.006577732419942553,529.1212317780756,394.5920342382715
Random search,3,284,285,3.4167991106046394,0.2082373928663148,0.006577732419942553,529.1212317780756,394.5920342382715
Random search,3,285,286,3.4167991106046394,0.2082373928663148,0.006577732419942553,529.1212317780756,394.5920342382715
Random search,3,286,287,3.4167991106046394,0.2082373928663148,0.006577732419942553,529.1212317780756,394.5920342382715
Random search,3,287,288,3.4167991106046394,0.2082373928663148,0.006577732419942553,529.1212317780756,394.5920342382715
Random search,3,288,289,3.4167991106046394,0.2082373928663148,0.006577732419942553,529.1212317780756,394.5920342382715
Random search,3,289,290,3.4167991106046394,0.2082373928663148,0.006577732419942553,529.1212317780756,394.5920342382715
Random search,3,290,291,3.4167991106046394,0.2082373928663148,0.006577732419942553,529.1212317780756,394.5920342382715
Random search,3,291,292,3.4167991106046394,0.2082373928663148,0.006577732419942553,529.1212317780756,394.5920342382715
Random search,3,292,293,3.4167991106046394,0.2082373928663148,0.006577732419942553,529.1212317780756,394.5920342382715
Random search,3,293,294,3.4167991106046394,0.2082373928663148,0.006577732419942553,529.1212317780756,394.5920342382715
Random search,3,294,295,3.4167991106046394,0.2082373928663148,0.006577732419942553,529.1212317780756,394.5920342382715
Random search,3,295,296,3.4167991106046394,0.2082373928663148,0.006577732419942553,529.1212317780756,394.5920342382715
Random search,3,296,297,3.4167991106046394,0.2082373928663148,0.006577732419942553,529.1212317780756,394.5920342382715
Random search,3,297,298,3.4167991106046394,0.2082373928663148,0.006577732419942553,529.1212317780756,394.5920342382715
Random search,3,298,299,3.4167991106046394,0.2082373928663148,0.006577732419942553,529.1212317780756,394.5920342382715
Random search,3,299,300,3.4167991106046394,0.2082373928663148,0.006577732419942553,529.1212317780756,394.5920342382715
Random search,3,300,301,3.4167991106046394,0.2082373928663148,0.006577732419942553,529.1212317780756,394.5920342382715
Random search,3,301,302,3.4167991106046394,0.2082373928663148,0.006577732419942553,529.1212317780756,394.5920342382715
Random search,3,302,303,3.4167991106046394,0.2082373928663148,0.006577732419942553,529.1212317780756,394.5920342382715
Random search,3,303,304,3.4167991106046394,0.2082373928663148,0.006577732419942553,529.1212317780756,394.5920342382715
Random search,3,304,305,3.4167991106046394,0.2082373928663148,0.006577732419942553,529.1212317780756,394.5920342382715
Random search,3,305,306,3.4167991106046394,0.2082373928663148,0.006577732419942553,529.1212317780756,394.5920342382715
Random search,3,306,307,3.4167991106046394,0.2082373928663148,0.006577732419942553,529.1212317780756,394.5920342382715
Random search,3,307,308,3.4167991106046394,0.2082373928663148,0.006577732419942553,529.1212317780756,394.5920342382715
Random search,3,308,309,3.4167991106046394,0.2082373928663148,0.006577732419942553,529.1212317780756,394.5920342382715
Random search,3,309,310,3.4167991106046394,0.2082373928663148,0.006577732419942553,529.1212317780756,394.5920342382715
Random search,3,310,311,3.4167991106046394,0.2082373928663148,0.006577732419942553,529.1212317780756,394.5920342382715
Random search,3,311,312,3.4167991106046394,0.2082373928663148,0.006577732419942553,529.1212317780756,394.5920342382715
Random search,3,312,313,3.4167991106046394,0.2082373928663148,0.006577732419942553,529.1212317780756,394.5920342382715
Random search,3,313,314,3.4167991106046394,0.2082373928663148,0.006577732419942553,529.1212317780756,394.5920342382715
Random search,3,314,315,3.4167991106046394,0.2082373928663148,0.006577732419942553,529.1212317780756,394.5920342382715
Random search,3,315,316,3.4167991106046394,0.2082373928663148,0.006577732419942553,529.1212317780756,394.5920342382715
Random search,3,316,317,3.4167991106046394,0.2082373928663148,0.006577732419942553,529.1212317780756,394.5920342382715
Random search,3,317,318,3.4167991106046394,0.2082373928663148,0.006577732419942553,529.1212317780756,394.5920342382715
Random search,3,318,319,3.4167991106046394,0.2082373928663148,0.006577732419942553,529.1212317780756,394.5920342382715
Random search,3,319,320,3.4167991106046394,0.2082373928663148,0.006577732419942553,529.1212317780756,394.5920342382715
Random search,3,320,321,3.4167991106046394,0.2082373928663148,0.006577732419942553,529.1212317780756,394.5920342382715
Random search,3,321,322,3.4167991106046394,0.2082373928663148,0.006577732419942553,529.1212317780756,394.5920342382715
Random search,3,322,323,3.4167991106046394,0.2082373928663148,0.006577732419942553,529.1212317780756,394.5920342382715
Random search,3,323,324,3.4167991106046394,0.2082373928663148,0.006577732419942553,529.1212317780756,394.5920342382715
Random search,3,324,325,3.4167991106046394,0.2082373928663148,0.006577732419942553,529.1212317780756,394.5920342382715
Random search,3,325,326,3.4167991106046394,0.2082373928663148,0.006577732419942553,529.1212317780756,394.5920342382715
Random search,3,326,327,3.4167991106046394,0.2082373928663148,0.006577732419942553,529.1212317780756,394.5920342382715
Random search,3,327,328,3.4167991106046394,0.2082373928663148,0.006577732419942553,529.1212317780756,394.5920342382715
Random search,3,328,329,3.4167991106046394,0.2082373928663148,0.006577732419942553,529.1212317780756,394.5920342382715
Random search,3,329,330,3.4167991106046394,0.2082373928663148,0.006577732419942553,529.1212317780756,394.5920342382715
Random search,3,330,331,3.4167991106046394,0.2082373928663148,0.006577732419942553,529.1212317780756,394.5920342382715
Random search,3,331,332,3.4167991106046394,0.2082373928663148,0.006577732419942553,529.1212317780756,394.5920342382715
Random search,3,332,333,3.4167991106046394,0.2082373928663148,0.006577732419942553,529.1212317780756,394.5920342382715
Random search,3,333,334,3.4167991106046394,0.2082373928663148,0.006577732419942553,529.1212317780756,394.5920342382715
Random search,3,334,335,3.4167991106046394,0.2082373928663148,0.006577732419942553,529.1212317780756,394.5920342382715
Random search,3,335,336,3.4167991106046394,0.2082373928663148,0.006577732419942553,529.1212317780756,394.5920342382715
Random search,3,336,337,3.4167991106046394,0.2082373928663148,0.006577732419942553,529.1212317780756,394.5920342382715
Random search,3,337,338,3.4167991106046394,0.2082373928663148,0.006577732419942553,529.1212317780756,394.5920342382715
Random search,3,338,339,3.4167991106046394,0.2082373928663148,0.006577732419942553,529.1212317780756,394.5920342382715
Random search,3,339,340,3.4167991106046394,0.2082373928663148,0.006577732419942553,529.1212317780756,394.5920342382715
Random search,3,340,341,3.4167991106046394,0.2082373928663148,0.006577732419942553,529.1212317780756,394.5920342382715
Random search,3,341,342,3.4167991106046394,0.2082373928663148,0.006577732419942553,529.1212317780756,394.5920342382715
Random search,3,342,343,3.4167991106046394,0.2082373928663148,0.006577732419942553,529.1212317780756,394.5920342382715
Random search,3,343,344,3.4167991106046394,0.2082373928663148,0.006577732419942553,529.1212317780756,394.5920342382715
Random search,3,344,345,3.4167991106046394,0.2082373928663148,0.006577732419942553,529.1212317780756,394.5920342382715
Random search,3,345,346,3.4167991106046394,0.2082373928663148,0.006577732419942553,529.1212317780756,394.5920342382715
Random search,3,346,347,3.4167991106046394,0.2082373928663148,0.006577732419942553,529.1212317780756,394.5920342382715
Random search,3,347,348,3.4167991106046394,0.2082373928663148,0.006577732419942553,529.1212317780756,394.5920342382715
Random search,3,348,349,3.4167991106046394,0.2082373928663148,0.006577732419942553,529.1212317780756,394.5920342382715
Random search,3,349,350,3.4167991106046394,0.2082373928663148,0.006577732419942553,529.1212317780756,394.5920342382715
Random search,3,350,351,3.4167991106046394,0.2082373928663148,0.006577732419942553,529.1212317780756,394.5920342382715
Random search,3,351,352,3.4167991106046394,0.2082373928663148,0.006577732419942553,529.1212317780756,394.5920342382715
Random search,3,352,353,3.4167991106046394,0.2082373928663148,0.006577732419942553,529.1212317780756,394.5920342382715
Random search,3,353,354,3.4167991106046394,0.2082373928663148,0.006577732419942553,529.1212317780756,394.5920342382715
Random search,3,354,355,3.4167991106046394,0.2082373928663148,0.006577732419942553,529.1212317780756,394.5920342382715
Random search,3,355,356,2.9755056160020144,0.20978049053148398,0.0,590.8584927171826,356.6364108719197
Random search,3,356,357,2.9755056160020144,0.20978049053148398,0.0,590.8584927171826,356.6364108719197
Random search,3,357,358,2.9755056160020144,0.20978049053148398,0.0,590.8584927171826,356.6364108719197
Random search,3,358,359,2.9755056160020144,0.20978049053148398,0.0,590.8584927171826,356.6364108719197
Random search,3,359,360,2.9755056160020144,0.20978049053148398,0.0,590.8584927171826,356.6364108719197
Random search,3,360,361,2.9755056160020144,0.20978049053148398,0.0,590.8584927171826,356.6364108719197
Random search,3,361,362,2.9755056160020144,0.20978049053148398,0.0,590.8584927171826,356.6364108719197
Random search,3,362,363,2.9755056160020144,0.20978049053148398,0.0,590.8584927171826,356.6364108719197
Random search,3,363,364,2.9755056160020144,0.20978049053148398,0.0,590.8584927171826,356.6364108719197
Random search,3,364,365,2.9755056160020144,0.20978049053148398,0.0,590.8584927171826,356.6364108719197
Random search,3,365,366,2.9755056160020144,0.20978049053148398,0.0,590.8584927171826,356.6364108719197
Random search,3,366,367,2.9755056160020144,0.20978049053148398,0.0,590.8584927171826,356.6364108719197
Random search,3,367,368,2.9755056160020144,0.20978049053148398,0.0,590.8584927171826,356.6364108719197
Random search,3,368,369,2.9755056160020144,0.20978049053148398,0.0,590.8584927171826,356.6364108719197
Random search,3,369,370,2.9755056160020144,0.20978049053148398,0.0,590.8584927171826,356.6364108719197
Random search,3,370,371,2.9755056160020144,0.20978049053148398,0.0,590.8584927171826,356.6364108719197
Random search,3,371,372,2.9755056160020144,0.20978049053148398,0.0,590.8584927171826,356.6364108719197
Random search,3,372,373,2.9755056160020144,0.20978049053148398,0.0,590.8584927171826,356.6364108719197
Random search,3,373,374,2.9755056160020144,0.20978049053148398,0.0,590.8584927171826,356.6364108719197
Random search,3,374,375,2.9755056160020144,0.20978049053148398,0.0,590.8584927171826,356.6364108719197
Random search,3,375,376,2.9755056160020144,0.20978049053148398,0.0,590.8584927171826,356.6364108719197
Random search,3,376,377,2.1966688856828918,0.20828733395215246,0.0072850001092038905,728.5316774280116,292.52005631109034
Random search,3,377,378,2.1966688856828918,0.20828733395215246,0.0072850001092038905,728.5316774280116,292.52005631109034
Random search,3,378,379,2.1966688856828918,0.20828733395215246,0.0072850001092038905,728.5316774280116,292.52005631109034
Random search,3,379,380,2.1966688856828918,0.20828733395215246,0.0072850001092038905,728.5316774280116,292.52005631109034
Random search,3,380,381,2.1966688856828918,0.20828733395215246,0.0072850001092038905,728.5316774280116,292.52005631109034
Random search,3,381,382,2.1966688856828918,0.20828733395215246,0.0072850001092038905,728.5316774280116,292.52005631109034
Random search,3,382,383,2.1966688856828918,0.20828733395215246,0.0072850001092038905,728.5316774280116,292.52005631109034
Random search,3,383,384,2.1966688856828918,0.20828733395215246,0.0072850001092038905,728.5316774280116,292.52005631109034
Random search,3,384,385,2.1966688856828918,0.20828733395215246,0.0072850001092038905,728.5316774280116,292.52005631109034
Random search,3,385,386,2.1966688856828918,0.20828733395215246,0.0072850001092038905,728.5316774280116,292.52005631109034
Random search,3,386,387,2.1966688856828918,0.20828733395215246,0.0072850001092038905,728.5316774280116,292.52005631109034
Random search,3,387,388,2.1966688856828918,0.20828733395215246,0.0072850001092038905,728.5316774280116,292.52005631109034
Random search,3,388,389,2.1966688856828918,0.20828733395215246,0.0072850001092038905,728.5316774280116,292.52005631109034
Random search,3,389,390,2.1966688856828918,0.20828733395215246,0.0072850001092038905,728.5316774280116,292.52005631109034
Random search,3,390,391,2.1966688856828918,0.20828733395215246,0.0072850001092038905,728.5316774280116,292.52005631109034
Random search,3,391,392,2.1966688856828918,0.20828733395215246,0.0072850001092038905,728.5316774280116,292.52005631109034
Random search,3,392,393,2.1966688856828918,0.20828733395215246,0.0072850001092038905,728.5316774280116,292.52005631109034
Random search,3,393,394,2.1966688856828918,0.20828733395215246,0.0072850001092038905,728.5316774280116,292.52005631109034
Random search,3,394,395,2.1966688856828918,0.20828733395215246,0.0072850001092038905,728.5316774280116,292.52005631109034
Random search,3,395,396,2.1966688856828918,0.20828733395215246,0.0072850001092038905,728.5316774280116,292.52005631109034
Random search,3,396,397,2.1966688856828918,0.20828733395215246,0.0072850001092038905,728.5316774280116,292.52005631109034
Random search,3,397,398,2.1966688856828918,0.20828733395215246,0.0072850001092038905,728.5316774280116,292.52005631109034
Random search,3,398,399,2.1966688856828918,0.20828733395215246,0.0072850001092038905,728.5316774280116,292.52005631109034
Random search,3,399,400,2.1966688856828918,0.20828733395215246,0.0072850001092038905,728.5316774280116,292.52005631109034
Random search,3,400,401,2.1966688856828918,0.20828733395215246,0.0072850001092038905,728.5316774280116,292.52005631109034
Random search,3,401,402,1.9260069703166043,0.20624083543624078,0.009309304729203511,799.9761599603796,272.5983130276984
Random search,3,402,403,1.9260069703166043,0.20624083543624078,0.009309304729203511,799.9761599603796,272.5983130276984
Random search,3,403,404,1.9260069703166043,0.20624083543624078,0.009309304729203511,799.9761599603796,272.5983130276984
Random search,3,404,405,1.9260069703166043,0.20624083543624078,0.009309304729203511,799.9761599603796,272.5983130276984
Random search,3,405,406,1.9260069703166043,0.20624083543624078,0.009309304729203511,799.9761599603796,272.5983130276984
Random search,3,406,407,1.9260069703166043,0.20624083543624078,0.009309304729203511,799.9761599603796,272.5983130276984
Random search,3,407,408,1.9260069703166043,0.20624083543624078,0.009309304729203511,799.9761599603796,272.5983130276984
Random search,3,408,409,1.9260069703166043,0.20624083543624078,0.009309304729203511,799.9761599603796,272.5983130276984
Random search,3,409,410,2.183838685782905,0.20006277088176166,0.0,730.3897185457596,291.42284043286645
Random search,3,410,411,2.183838685782905,0.20006277088176166,0.0,730.3897185457596,291.42284043286645
Random search,3,411,412,2.183838685782905,0.20006277088176166,0.0,730.3897185457596,291.42284043286645
Random search,3,412,413,2.183838685782905,0.20006277088176166,0.0,730.3897185457596,291.42284043286645
Random search,3,413,414,2.183838685782905,0.20006277088176166,0.0,730.3897185457596,291.42284043286645
Random search,3,414,415,2.183838685782905,0.20006277088176166,0.0,730.3897185457596,291.42284043286645
Random search,3,415,416,2.183838685782905,0.20006277088176166,0.0,730.3897185457596,291.42284043286645
Random search,3,416,417,2.183838685782905,0.20006277088176166,0.0,730.3897185457596,291.42284043286645
Random search,3,417,418,2.183838685782905,0.20006277088176166,0.0,730.3897185457596,291.42284043286645
Random search,3,418,419,2.097388296652271,0.18245453193407035,0.0,764.8255365893061,286.22138332415767
Random search,3,419,420,2.097388296652271,0.18245453193407035,0.0,764.8255365893061,286.22138332415767
Random search,3,420,421,2.097388296652271,0.18245453193407035,0.0,764.8255365893061,286.22138332415767
Random search,3,421,422,2.097388296652271,0.18245453193407035,0.0,764.8255365893061,286.22138332415767
Random search,3,422,423,2.097388296652271,0.18245453193407035,0.0,764.8255365893061,286.22138332415767
Random search,3,423,424,2.097388296652271,0.18245453193407035,0.0,764.8255365893061,286.22138332415767
Random search,3,424,425,2.345077923000604,0.16903272927568896,0.0,715.8388696872445,306.09167926878484
Random search,3,425,426,2.345077923000604,0.16903272927568896,0.0,715.8388696872445,306.09167926878484
Random search,3,426,427,2.345077923000604,0.16903272927568896,0.0,715.8388696872445,306.09167926878484
Random search,3,427,428,2.345077923000604,0.16903272927568896,0.0,715.8388696872445,306.09167926878484
Random search,3,428,429,2.345077923000604,0.16903272927568896,0.0,715.8388696872445,306.09167926878484
Random search,3,429,430,2.345077923000604,0.16903272927568896,0.0,715.8388696872445,306.09167926878484
Random search,3,430,431,2.345077923000604,0.16903272927568896,0.0,715.8388696872445,306.09167926878484
Random search,3,431,432,2.345077923000604,0.16903272927568896,0.0,715.8388696872445,306.09167926878484
Random search,3,432,433,2.345077923000604,0.16903272927568896,0.0,715.8388696872445,306.09167926878484
Random search,3,433,434,2.345077923000604,0.16903272927568896,0.0,715.8388696872445,306.09167926878484
Random search,3,434,435,2.345077923000604,0.16903272927568896,0.0,715.8388696872445,306.09167926878484
Random search,3,435,436,2.345077923000604,0.16903272927568896,0.0,715.8388696872445,306.09167926878484
Random search,3,436,437,2.345077923000604,0.16903272927568896,0.0,715.8388696872445,306.09167926878484
Random search,3,437,438,2.345077923000604,0.16903272927568896,0.0,715.8388696872445,306.09167926878484
Random search,3,438,439,2.345077923000604,0.16903272927568896,0.0,715.8388696872445,306.09167926878484
Random search,3,439,440,2.345077923000604,0.16903272927568896,0.0,715.8388696872445,306.09167926878484
Random search,3,440,441,2.345077923000604,0.16903272927568896,0.0,715.8388696872445,306.09167926878484
Random search,3,441,442,2.345077923000604,0.16903272927568896,0.0,715.8388696872445,306.09167926878484
Random search,3,442,443,2.345077923000604,0.16903272927568896,0.0,715.8388696872445,306.09167926878484
Random search,3,443,444,2.345077923000604,0.16903272927568896,0.0,715.8388696872445,306.09167926878484
Random search,3,444,445,2.345077923000604,0.16903272927568896,0.0,715.8388696872445,306.09167926878484
Random search,3,445,446,2.345077923000604,0.16903272927568896,0.0,715.8388696872445,306.09167926878484
Random search,3,446,447,2.345077923000604,0.16903272927568896,0.0,715.8388696872445,306.09167926878484
Random search,3,447,448,2.345077923000604,0.16903272927568896,0.0,715.8388696872445,306.09167926878484
Random search,3,448,449,2.345077923000604,0.16903272927568896,0.0,715.8388696872445,306.09167926878484
Random search,3,449,450,2.345077923000604,0.16903272927568896,0.0,715.8388696872445,306.09167926878484
Random search,3,450,451,2.345077923000604,0.16903272927568896,0.0,715.8388696872445,306.09167926878484
Random search,3,451,452,2.345077923000604,0.16903272927568896,0.0,715.8388696872445,306.09167926878484
Random search,3,452,453,2.345077923000604,0.16903272927568896,0.0,715.8388696872445,306.09167926878484
Random search,3,453,454,2.345077923000604,0.16903272927568896,0.0,715.8388696872445,306.09167926878484
Random search,3,454,455,2.345077923000604,0.16903272927568896,0.0,715.8388696872445,306.09167926878484
Random search,3,455,456,2.25255516371036,0.15278614991370687,0.0,759.6654720238578,301.2220635734218
Random search,3,456,457,2.25255516371036,0.15278614991370687,0.0,759.6654720238578,301.2220635734218
Random search,3,457,458,2.25255516371036,0.15278614991370687,0.0,759.6654720238578,301.2220635734218
Random search,3,458,459,2.25255516371036,0.15278614991370687,0.0,759.6654720238578,301.2220635734218
Random search,3,459,460,2.25255516371036,0.15278614991370687,0.0,759.6654720238578,301.2220635734218
Random search,3,460,461,2.25255516371036,0.15278614991370687,0.0,759.6654720238578,301.2220635734218
Random search,3,461,462,2.25255516371036,0.15278614991370687,0.0,759.6654720238578,301.2220635734218
Random search,3,462,463,2.25255516371036,0.15278614991370687,0.0,759.6654720238578,301.2220635734218
Random search,3,463,464,2.25255516371036,0.15278614991370687,0.0,759.6654720238578,301.2220635734218
Random search,3,464,465,2.25255516371036,0.15278614991370687,0.0,759.6654720238578,301.2220635734218
Random search,3,465,466,2.25255516371036,0.15278614991370687,0.0,759.6654720238578,301.2220635734218
Random search,3,466,467,2.25255516371036,0.15278614991370687,0.0,759.6654720238578,301.2220635734218
Random search,3,467,468,2.25255516371036,0.15278614991370687,0.0,759.6654720238578,301.2220635734218
Random search,3,468,469,2.25255516371036,0.15278614991370687,0.0,759.6654720238578,301.2220635734218
Random search,3,469,470,2.25255516371036,0.15278614991370687,0.0,759.6654720238578,301.2220635734218
Random search,3,470,471,2.25255516371036,0.15278614991370687,0.0,759.6654720238578,301.2220635734218
Random search,3,471,472,2.25255516371036,0.15278614991370687,0.0,759.6654720238578,301.2220635734218
Random search,3,472,473,2.25255516371036,0.15278614991370687,0.0,759.6654720238578,301.2220635734218
Random search,3,473,474,2.25255516371036,0.15278614991370687,0.0,759.6654720238578,301.2220635734218
Random search,3,474,475,2.25255516371036,0.15278614991370687,0.0,759.6654720238578,301.2220635734218
Random search,3,475,476,2.25255516371036,0.15278614991370687,0.0,759.6654720238578,301.2220635734218
Random search,3,476,477,2.25255516371036,0.15278614991370687,0.0,759.6654720238578,301.2220635734218
Random search,3,477,478,2.25255516371036,0.15278614991370687,0.0,759.6654720238578,301.2220635734218
Random search,3,478,479,2.25255516371036,0.15278614991370687,0.0,759.6654720238578,301.2220635734218
Random search,3,479,480,2.25255516371036,0.15278614991370687,0.0,759.6654720238578,301.2220635734218
Random search,3,480,481,2.25255516371036,0.15278614991370687,0.0,759.6654720238578,301.2220635734218
Random search,3,481,482,2.25255516371036,0.15278614991370687,0.0,759.6654720238578,301.2220635734218
Random search,3,482,483,2.25255516371036,0.15278614991370687,0.0,759.6654720238578,301.2220635734218
Random search,3,483,484,2.25255516371036,0.15278614991370687,0.0,759.6654720238578,301.2220635734218
Random search,3,484,485,2.25255516371036,0.15278614991370687,0.0,759.6654720238578,301.2220635734218
Random search,3,485,486,2.25255516371036,0.15278614991370687,0.0,759.6654720238578,301.2220635734218
Random search,3,486,487,2.25255516371036,0.15278614991370687,0.0,759.6654720238578,301.2220635734218
Random search,3,487,488,2.25255516371036,0.15278614991370687,0.0,759.6654720238578,301.2220635734218
Random search,3,488,489,2.25255516371036,0.15278614991370687,0.0,759.6654720238578,301.2220635734218
Random search,3,489,490,2.25255516371036,0.15278614991370687,0.0,759.6654720238578,301.2220635734218
Random search,3,490,491,2.25255516371036,0.15278614991370687,0.0,759.6654720238578,301.2220635734218
Random search,3,491,492,2.25255516371036,0.15278614991370687,0.0,759.6654720238578,301.2220635734218
Random search,3,492,493,2.25255516371036,0.15278614991370687,0.0,759.6654720238578,301.2220635734218
Random search,3,493,494,2.25255516371036,0.15278614991370687,0.0,759.6654720238578,301.2220635734218
Random search,3,494,495,2.25255516371036,0.15278614991370687,0.0,759.6654720238578,301.2220635734218
Random search,3,495,496,2.25255516371036,0.15278614991370687,0.0,759.6654720238578,301.2220635734218
Random search,3,496,497,2.25255516371036,0.15278614991370687,0.0,759.6654720238578,301.2220635734218
Random search,3,497,498,2.25255516371036,0.15278614991370687,0.0,759.6654720238578,301.2220635734218
Random search,3,498,499,2.25255516371036,0.15278614991370687,0.0,759.6654720238578,301.2220635734218
Random search,3,499,500,2.25255516371036,0.15278614991370687,0.0,759.6654720238578,301.2220635734218
Finite difference,3,0,0,2.912075574305785,0.29099708691610965,0.3467146696363826,500.9875167461689,341.3063091051954
Finite difference,3,1,49,0.9472456769201436,0.9420163271427998,0.24275777732015016,1499.908496654986,244.71541735751296
Finite difference,3,2,96,0.7992568476832949,0.21358757858407976,0.06090400024910093,1504.2073707185332,230.3464218401828
Finite difference,3,3,140,-0.02777268104387143,0.06995496205275765,0.0024619893395671846,1978.624217427356,195.08515363834846
Finite difference,3,4,184,0.23702273916899344,0.003960535209665827,0.0008198924552798026,1847.2588189877092,208.42815581567027
Finite difference,3,5,228,0.23849308788742815,9.504887361638361e-06,2.3749269093797253e-07,1845.568233901767,208.4061321789195
Finite difference,3,6,272,0.2385391737237424,7.982882417541161e-11,1.821742756646927e-11,1845.54583726287,208.40850109866125
Finite difference,3,7,313,0.2385391737237424,7.982882417541161e-11,1.821742756646927e-11,1845.54583726287,208.40850109866125
Finite difference,3,8,313,0.2385391737237424,7.982882417541161e-11,1.821742756646927e-11,1845.54583726287,208.40850109866125
Finite difference,3,9,313,0.2385391737237424,7.982882417541161e-11,1.821742756646927e-11,1845.54583726287,208.40850109866125
Finite difference,3,10,313,0.2385391737237424,7.982882417541161e-11,1.821742756646927e-11,1845.54583726287,208.40850109866125
Finite difference,3,11,313,0.2385391737237424,7.982882417541161e-11,1.821742756646927e-11,1845.54583726287,208.40850109866125
Finite difference,3,12,313,0.2385391737237424,7.982882417541161e-11,1.821742756646927e-11,1845.54583726287,208.40850109866125
Finite difference,3,13,313,0.2385391737237424,7.982882417541161e-11,1.821742756646927e-11,1845.54583726287,208.40850109866125
Finite difference,3,14,313,0.2385391737237424,7.982882417541161e-11,1.821742756646927e-11,1845.54583726287,208.40850109866125
Finite difference,3,15,313,0.2385391737237424,7.982882417541161e-11,1.821742756646927e-11,1845.54583726287,208.40850109866125
Finite difference,3,16,313,0.2385391737237424,7.982882417541161e-11,1.821742756646927e-11,1845.54583726287,208.40850109866125
Finite difference,3,17,313,0.2385391737237424,7.982882417541161e-11,1.821742756646927e-11,1845.54583726287,208.40850109866125
Finite difference,3,18,313,0.2385391737237424,7.982882417541161e-11,1.821742756646927e-11,1845.54583726287,208.40850109866125
Finite difference,3,19,313,0.2385391737237424,7.982882417541161e-11,1.821742756646927e-11,1845.54583726287,208.40850109866125
Finite difference,3,20,313,0.2385391737237424,7.982882417541161e-11,1.821742756646927e-11,1845.54583726287,208.40850109866125
Finite difference,3,21,313,0.2385391737237424,7.982882417541161e-11,1.821742756646927e-11,1845.54583726287,208.40850109866125
Finite difference,3,22,313,0.2385391737237424,7.982882417541161e-11,1.821742756646927e-11,1845.54583726287,208.40850109866125
Finite difference,3,23,313,0.2385391737237424,7.982882417541161e-11,1.821742756646927e-11,1845.54583726287,208.40850109866125
Finite difference,3,24,313,0.2385391737237424,7.982882417541161e-11,1.821742756646927e-11,1845.54583726287,208.40850109866125
Finite difference,3,25,313,0.2385391737237424,7.982882417541161e-11,1.821742756646927e-11,1845.54583726287,208.40850109866125
Finite difference,3,26,313,0.2385391737237424,7.982882417541161e-11,1.821742756646927e-11,1845.54583726287,208.40850109866125
Finite difference,3,27,313,0.2385391737237424,7.982882417541161e-11,1.821742756646927e-11,1845.54583726287,208.40850109866125
Finite difference,3,28,313,0.2385391737237424,7.982882417541161e-11,1.821742756646927e-11,1845.54583726287,208.40850109866125
Finite difference,3,29,313,0.2385391737237424,7.982882417541161e-11,1.821742756646927e-11,1845.54583726287,208.40850109866125
Automatic differentiation,3,0,0,2.912075574305785,0.29099708691610965,0.3467146696363826,500.9875167461689,341.3063091051954
Automatic differentiation,3,1,10,0.9472451074885361,0.9420162729771556,0.24275756811918123,1499.9085530654143,244.71536605539504
Automatic differentiation,3,2,18,0.7992568543731522,0.21358770239237165,0.060904016596804104,1504.207343482901,230.34641978560532
Automatic differentiation,3,3,23,-0.0277725407656523,0.06995503044734687,0.0024619942207198603,1978.6241453414736,195.08516045758213
Automatic differentiation,3,4,28,0.23702270385409757,0.0039605462556532136,0.000819892923823969,1847.258838148811,208.42815420029086
Automatic differentiation,3,5,33,0.23849308772967154,9.504925588674567e-06,2.3749351252107458e-07,1845.568233976772,208.40613217064436
Automatic differentiation,3,6,38,0.23853917372290903,7.992501208177805e-11,1.8277379609799027e-11,1845.5458372632029,208.4085010986112
Automatic differentiation,3,7,40,0.23853917372290903,7.992501208177805e-11,1.8277379609799027e-11,1845.5458372632029,208.4085010986112
Automatic differentiation,3,8,40,0.23853917372290903,7.992501208177805e-11,1.8277379609799027e-11,1845.5458372632029,208.4085010986112
Automatic differentiation,3,9,40,0.23853917372290903,7.992501208177805e-11,1.8277379609799027e-11,1845.5458372632029,208.4085010986112
Automatic differentiation,3,10,40,0.23853917372290903,7.992501208177805e-11,1.8277379609799027e-11,1845.5458372632029,208.4085010986112
Automatic differentiation,3,11,40,0.23853917372290903,7.992501208177805e-11,1.8277379609799027e-11,1845.5458372632029,208.4085010986112
Automatic differentiation,3,12,40,0.23853917372290903,7.992501208177805e-11,1.8277379609799027e-11,1845.5458372632029,208.4085010986112
Automatic differentiation,3,13,40,0.23853917372290903,7.992501208177805e-11,1.8277379609799027e-11,1845.5458372632029,208.4085010986112
Automatic differentiation,3,14,40,0.23853917372290903,7.992501208177805e-11,1.8277379609799027e-11,1845.5458372632029,208.4085010986112
Automatic differentiation,3,15,40,0.23853917372290903,7.992501208177805e-11,1.8277379609799027e-11,1845.5458372632029,208.4085010986112
Automatic differentiation,3,16,40,0.23853917372290903,7.992501208177805e-11,1.8277379609799027e-11,1845.5458372632029,208.4085010986112
Automatic differentiation,3,17,40,0.23853917372290903,7.992501208177805e-11,1.8277379609799027e-11,1845.5458372632029,208.4085010986112
Automatic differentiation,3,18,40,0.23853917372290903,7.992501208177805e-11,1.8277379609799027e-11,1845.5458372632029,208.4085010986112
Automatic differentiation,3,19,40,0.23853917372290903,7.992501208177805e-11,1.8277379609799027e-11,1845.5458372632029,208.4085010986112
Automatic differentiation,3,20,40,0.23853917372290903,7.992501208177805e-11,1.8277379609799027e-11,1845.5458372632029,208.4085010986112
Automatic differentiation,3,21,40,0.23853917372290903,7.992501208177805e-11,1.8277379609799027e-11,1845.5458372632029,208.4085010986112
Automatic differentiation,3,22,40,0.23853917372290903,7.992501208177805e-11,1.8277379609799027e-11,1845.5458372632029,208.4085010986112
Automatic differentiation,3,23,40,0.23853917372290903,7.992501208177805e-11,1.8277379609799027e-11,1845.5458372632029,208.4085010986112
Automatic differentiation,3,24,40,0.23853917372290903,7.992501208177805e-11,1.8277379609799027e-11,1845.5458372632029,208.4085010986112
Automatic differentiation,3,25,40,0.23853917372290903,7.992501208177805e-11,1.8277379609799027e-11,1845.5458372632029,208.4085010986112
Automatic differentiation,3,26,40,0.23853917372290903,7.992501208177805e-11,1.8277379609799027e-11,1845.5458372632029,208.4085010986112
Automatic differentiation,3,27,40,0.23853917372290903,7.992501208177805e-11,1.8277379609799027e-11,1845.5458372632029,208.4085010986112
Automatic differentiation,3,28,40,0.23853917372290903,7.992501208177805e-11,1.8277379609799027e-11,1845.5458372632029,208.4085010986112
Automatic differentiation,3,29,40,0.23853917372290903,7.992501208177805e-11,1.8277379609799027e-11,1845.5458372632029,208.4085010986112
Random search,4,0,1,2.3270420803596936,0.304502454114168,0.37575371953878334,593.5520708045849,292.05941511642783
Random search,4,1,2,2.3270420803596936,0.304502454114168,0.37575371953878334,593.5520708045849,292.05941511642783
Random search,4,2,3,2.3270420803596936,0.304502454114168,0.37575371953878334,593.5520708045849,292.05941511642783
Random search,4,3,4,2.3270420803596936,0.304502454114168,0.37575371953878334,593.5520708045849,292.05941511642783
Random search,4,4,5,2.3270420803596936,0.304502454114168,0.37575371953878334,593.5520708045849,292.05941511642783
Random search,4,5,6,2.3270420803596936,0.304502454114168,0.37575371953878334,593.5520708045849,292.05941511642783
Random search,4,6,7,2.3270420803596936,0.304502454114168,0.37575371953878334,593.5520708045849,292.05941511642783
Random search,4,7,8,2.3270420803596936,0.304502454114168,0.37575371953878334,593.5520708045849,292.05941511642783
Random search,4,8,9,2.3270420803596936,0.304502454114168,0.37575371953878334,593.5520708045849,292.05941511642783
Random search,4,9,10,2.3270420803596936,0.304502454114168,0.37575371953878334,593.5520708045849,292.05941511642783
Random search,4,10,11,2.3270420803596936,0.304502454114168,0.37575371953878334,593.5520708045849,292.05941511642783
Random search,4,11,12,2.3270420803596936,0.304502454114168,0.37575371953878334,593.5520708045849,292.05941511642783
Random search,4,12,13,2.3270420803596936,0.304502454114168,0.37575371953878334,593.5520708045849,292.05941511642783
Random search,4,13,14,2.3270420803596936,0.304502454114168,0.37575371953878334,593.5520708045849,292.05941511642783
Random search,4,14,15,2.3270420803596936,0.304502454114168,0.37575371953878334,593.5520708045849,292.05941511642783
Random search,4,15,16,2.3270420803596936,0.304502454114168,0.37575371953878334,593.5520708045849,292.05941511642783
Random search,4,16,17,2.3270420803596936,0.304502454114168,0.37575371953878334,593.5520708045849,292.05941511642783
Random search,4,17,18,2.3270420803596936,0.304502454114168,0.37575371953878334,593.5520708045849,292.05941511642783
Random search,4,18,19,2.3270420803596936,0.304502454114168,0.37575371953878334,593.5520708045849,292.05941511642783
Random search,4,19,20,2.3270420803596936,0.304502454114168,0.37575371953878334,593.5520708045849,292.05941511642783
Random search,4,20,21,2.3270420803596936,0.304502454114168,0.37575371953878334,593.5520708045849,292.05941511642783
Random search,4,21,22,2.3270420803596936,0.304502454114168,0.37575371953878334,593.5520708045849,292.05941511642783
Random search,4,22,23,2.3270420803596936,0.304502454114168,0.37575371953878334,593.5520708045849,292.05941511642783
Random search,4,23,24,2.3270420803596936,0.304502454114168,0.37575371953878334,593.5520708045849,292.05941511642783
Random search,4,24,25,2.3270420803596936,0.304502454114168,0.37575371953878334,593.5520708045849,292.05941511642783
Random search,4,25,26,2.3270420803596936,0.304502454114168,0.37575371953878334,593.5520708045849,292.05941511642783
Random search,4,26,27,2.3270420803596936,0.304502454114168,0.37575371953878334,593.5520708045849,292.05941511642783
Random search,4,27,28,2.3270420803596936,0.304502454114168,0.37575371953878334,593.5520708045849,292.05941511642783
Random search,4,28,29,2.3270420803596936,0.304502454114168,0.37575371953878334,593.5520708045849,292.05941511642783
Random search,4,29,30,2.3270420803596936,0.304502454114168,0.37575371953878334,593.5520708045849,292.05941511642783
Random search,4,30,31,2.3270420803596936,0.304502454114168,0.37575371953878334,593.5520708045849,292.05941511642783
Random search,4,31,32,2.3270420803596936,0.304502454114168,0.37575371953878334,593.5520708045849,292.05941511642783
Random search,4,32,33,2.3270420803596936,0.304502454114168,0.37575371953878334,593.5520708045849,292.05941511642783
Random search,4,33,34,2.3270420803596936,0.304502454114168,0.37575371953878334,593.5520708045849,292.05941511642783
Random search,4,34,35,2.3270420803596936,0.304502454114168,0.37575371953878334,593.5520708045849,292.05941511642783
Random search,4,35,36,2.3270420803596936,0.304502454114168,0.37575371953878334,593.5520708045849,292.05941511642783
Random search,4,36,37,2.3270420803596936,0.304502454114168,0.37575371953878334,593.5520708045849,292.05941511642783
Random search,4,37,38,2.3270420803596936,0.304502454114168,0.37575371953878334,593.5520708045849,292.05941511642783
Random search,4,38,39,2.3270420803596936,0.304502454114168,0.37575371953878334,593.5520708045849,292.05941511642783
Random search,4,39,40,2.3270420803596936,0.304502454114168,0.37575371953878334,593.5520708045849,292.05941511642783
Random search,4,40,41,2.3270420803596936,0.304502454114168,0.37575371953878334,593.5520708045849,292.05941511642783
Random search,4,41,42,2.3270420803596936,0.304502454114168,0.37575371953878334,593.5520708045849,292.05941511642783
Random search,4,42,43,2.3270420803596936,0.304502454114168,0.37575371953878334,593.5520708045849,292.05941511642783
Random search,4,43,44,2.3270420803596936,0.304502454114168,0.37575371953878334,593.5520708045849,292.05941511642783
Random search,4,44,45,2.3270420803596936,0.304502454114168,0.37575371953878334,593.5520708045849,292.05941511642783
Random search,4,45,46,2.3270420803596936,0.304502454114168,0.37575371953878334,593.5520708045849,292.05941511642783
Random search,4,46,47,2.3270420803596936,0.304502454114168,0.37575371953878334,593.5520708045849,292.05941511642783
Random search,4,47,48,2.3270420803596936,0.304502454114168,0.37575371953878334,593.5520708045849,292.05941511642783
Random search,4,48,49,2.3270420803596936,0.304502454114168,0.37575371953878334,593.5520708045849,292.05941511642783
Random search,4,49,50,2.3270420803596936,0.304502454114168,0.37575371953878334,593.5520708045849,292.05941511642783
Random search,4,50,51,2.3270420803596936,0.304502454114168,0.37575371953878334,593.5520708045849,292.05941511642783
Random search,4,51,52,2.3270420803596936,0.304502454114168,0.37575371953878334,593.5520708045849,292.05941511642783
Random search,4,52,53,2.3270420803596936,0.304502454114168,0.37575371953878334,593.5520708045849,292.05941511642783
Random search,4,53,54,2.3270420803596936,0.304502454114168,0.37575371953878334,593.5520708045849,292.05941511642783
Random search,4,54,55,2.3270420803596936,0.304502454114168,0.37575371953878334,593.5520708045849,292.05941511642783
Random search,4,55,56,2.3270420803596936,0.304502454114168,0.37575371953878334,593.5520708045849,292.05941511642783
Random search,4,56,57,2.3270420803596936,0.304502454114168,0.37575371953878334,593.5520708045849,292.05941511642783
Random search,4,57,58,2.3270420803596936,0.304502454114168,0.37575371953878334,593.5520708045849,292.05941511642783
Random search,4,58,59,3.2968910065861117,0.38297655441219863,0.016935729204717292,491.53213539764135,378.8423141983753
Random search,4,59,60,3.2968910065861117,0.38297655441219863,0.016935729204717292,491.53213539764135,378.8423141983753
Random search,4,60,61,3.2968910065861117,0.38297655441219863,0.016935729204717292,491.53213539764135,378.8423141983753
Random search,4,61,62,3.2968910065861117,0.38297655441219863,0.016935729204717292,491.53213539764135,378.8423141983753
Random search,4,62,63,3.2968910065861117,0.38297655441219863,0.016935729204717292,491.53213539764135,378.8423141983753
Random search,4,63,64,3.2968910065861117,0.38297655441219863,0.016935729204717292,491.53213539764135,378.8423141983753
Random search,4,64,65,3.2968910065861117,0.38297655441219863,0.016935729204717292,491.53213539764135,378.8423141983753
Random search,4,65,66,3.2968910065861117,0.38297655441219863,0.016935729204717292,491.53213539764135,378.8423141983753
Random search,4,66,67,3.2968910065861117,0.38297655441219863,0.016935729204717292,491.53213539764135,378.8423141983753
Random search,4,67,68,3.2968910065861117,0.38297655441219863,0.016935729204717292,491.53213539764135,378.8423141983753
Random search,4,68,69,3.2968910065861117,0.38297655441219863,0.016935729204717292,491.53213539764135,378.8423141983753
Random search,4,69,70,3.2968910065861117,0.38297655441219863,0.016935729204717292,491.53213539764135,378.8423141983753
Random search,4,70,71,3.2968910065861117,0.38297655441219863,0.016935729204717292,491.53213539764135,378.8423141983753
Random search,4,71,72,3.2968910065861117,0.38297655441219863,0.016935729204717292,491.53213539764135,378.8423141983753
Random search,4,72,73,3.2968910065861117,0.38297655441219863,0.016935729204717292,491.53213539764135,378.8423141983753
Random search,4,73,74,3.2968910065861117,0.38297655441219863,0.016935729204717292,491.53213539764135,378.8423141983753
Random search,4,74,75,3.2968910065861117,0.38297655441219863,0.016935729204717292,491.53213539764135,378.8423141983753
Random search,4,75,76,3.2968910065861117,0.38297655441219863,0.016935729204717292,491.53213539764135,378.8423141983753
Random search,4,76,77,3.2968910065861117,0.38297655441219863,0.016935729204717292,491.53213539764135,378.8423141983753
Random search,4,77,78,3.2968910065861117,0.38297655441219863,0.016935729204717292,491.53213539764135,378.8423141983753
Random search,4,78,79,3.2968910065861117,0.38297655441219863,0.016935729204717292,491.53213539764135,378.8423141983753
Random search,4,79,80,3.2968910065861117,0.38297655441219863,0.016935729204717292,491.53213539764135,378.8423141983753
Random search,4,80,81,3.2968910065861117,0.38297655441219863,0.016935729204717292,491.53213539764135,378.8423141983753
Random search,4,81,82,3.2968910065861117,0.38297655441219863,0.016935729204717292,491.53213539764135,378.8423141983753
Random search,4,82,83,3.2968910065861117,0.38297655441219863,0.016935729204717292,491.53213539764135,378.8423141983753
Random search,4,83,84,3.2968910065861117,0.38297655441219863,0.016935729204717292,491.53213539764135,378.8423141983753
Random search,4,84,85,3.2968910065861117,0.38297655441219863,0.016935729204717292,491.53213539764135,378.8423141983753
Random search,4,85,86,3.2968910065861117,0.38297655441219863,0.016935729204717292,491.53213539764135,378.8423141983753
Random search,4,86,87,3.2968910065861117,0.38297655441219863,0.016935729204717292,491.53213539764135,378.8423141983753
Random search,4,87,88,3.2968910065861117,0.38297655441219863,0.016935729204717292,491.53213539764135,378.8423141983753
Random search,4,88,89,3.2968910065861117,0.38297655441219863,0.016935729204717292,491.53213539764135,378.8423141983753
Random search,4,89,90,3.2968910065861117,0.38297655441219863,0.016935729204717292,491.53213539764135,378.8423141983753
Random search,4,90,91,3.2968910065861117,0.38297655441219863,0.016935729204717292,491.53213539764135,378.8423141983753
Random search,4,91,92,3.2968910065861117,0.38297655441219863,0.016935729204717292,491.53213539764135,378.8423141983753
Random search,4,92,93,3.2968910065861117,0.38297655441219863,0.016935729204717292,491.53213539764135,378.8423141983753
Random search,4,93,94,3.2968910065861117,0.38297655441219863,0.016935729204717292,491.53213539764135,378.8423141983753
Random search,4,94,95,3.2968910065861117,0.38297655441219863,0.016935729204717292,491.53213539764135,378.8423141983753
Random search,4,95,96,3.2968910065861117,0.38297655441219863,0.016935729204717292,491.53213539764135,378.8423141983753
Random search,4,96,97,3.2968910065861117,0.38297655441219863,0.016935729204717292,491.53213539764135,378.8423141983753
Random search,4,97,98,3.2968910065861117,0.38297655441219863,0.016935729204717292,491.53213539764135,378.8423141983753
Random search,4,98,99,3.2968910065861117,0.38297655441219863,0.016935729204717292,491.53213539764135,378.8423141983753
Random search,4,99,100,3.2968910065861117,0.38297655441219863,0.016935729204717292,491.53213539764135,378.8423141983753
Random search,4,100,101,3.2968910065861117,0.38297655441219863,0.016935729204717292,491.53213539764135,378.8423141983753
Random search,4,101,102,3.2968910065861117,0.38297655441219863,0.016935729204717292,491.53213539764135,378.8423141983753
Random search,4,102,103,3.2968910065861117,0.38297655441219863,0.016935729204717292,491.53213539764135,378.8423141983753
Random search,4,103,104,3.2968910065861117,0.38297655441219863,0.016935729204717292,491.53213539764135,378.8423141983753
Random search,4,104,105,3.2968910065861117,0.38297655441219863,0.016935729204717292,491.53213539764135,378.8423141983753
Random search,4,105,106,3.2968910065861117,0.38297655441219863,0.016935729204717292,491.53213539764135,378.8423141983753
Random search,4,106,107,3.2968910065861117,0.38297655441219863,0.016935729204717292,491.53213539764135,378.8423141983753
Random search,4,107,108,3.2968910065861117,0.38297655441219863,0.016935729204717292,491.53213539764135,378.8423141983753
Random search,4,108,109,3.2968910065861117,0.38297655441219863,0.016935729204717292,491.53213539764135,378.8423141983753
Random search,4,109,110,3.2968910065861117,0.38297655441219863,0.016935729204717292,491.53213539764135,378.8423141983753
Random search,4,110,111,3.2968910065861117,0.38297655441219863,0.016935729204717292,491.53213539764135,378.8423141983753
Random search,4,111,112,3.2968910065861117,0.38297655441219863,0.016935729204717292,491.53213539764135,378.8423141983753
Random search,4,112,113,3.2968910065861117,0.38297655441219863,0.016935729204717292,491.53213539764135,378.8423141983753
Random search,4,113,114,3.2968910065861117,0.38297655441219863,0.016935729204717292,491.53213539764135,378.8423141983753
Random search,4,114,115,3.2968910065861117,0.38297655441219863,0.016935729204717292,491.53213539764135,378.8423141983753
Random search,4,115,116,3.2968910065861117,0.38297655441219863,0.016935729204717292,491.53213539764135,378.8423141983753
Random search,4,116,117,3.2968910065861117,0.38297655441219863,0.016935729204717292,491.53213539764135,378.8423141983753
Random search,4,117,118,3.2968910065861117,0.38297655441219863,0.016935729204717292,491.53213539764135,378.8423141983753
Random search,4,118,119,3.2968910065861117,0.38297655441219863,0.016935729204717292,491.53213539764135,378.8423141983753
Random search,4,119,120,3.2968910065861117,0.38297655441219863,0.016935729204717292,491.53213539764135,378.8423141983753
Random search,4,120,121,3.2968910065861117,0.38297655441219863,0.016935729204717292,491.53213539764135,378.8423141983753
Random search,4,121,122,3.2968910065861117,0.38297655441219863,0.016935729204717292,491.53213539764135,378.8423141983753
Random search,4,122,123,3.2968910065861117,0.38297655441219863,0.016935729204717292,491.53213539764135,378.8423141983753
Random search,4,123,124,3.2968910065861117,0.38297655441219863,0.016935729204717292,491.53213539764135,378.8423141983753
Random search,4,124,125,3.2968910065861117,0.38297655441219863,0.016935729204717292,491.53213539764135,378.8423141983753
Random search,4,125,126,3.2968910065861117,0.38297655441219863,0.016935729204717292,491.53213539764135,378.8423141983753
Random search,4,126,127,3.2968910065861117,0.38297655441219863,0.016935729204717292,491.53213539764135,378.8423141983753
Random search,4,127,128,3.2968910065861117,0.38297655441219863,0.016935729204717292,491.53213539764135,378.8423141983753
Random search,4,128,129,3.2968910065861117,0.38297655441219863,0.016935729204717292,491.53213539764135,378.8423141983753
Random search,4,129,130,3.2968910065861117,0.38297655441219863,0.016935729204717292,491.53213539764135,378.8423141983753
Random search,4,130,131,3.2968910065861117,0.38297655441219863,0.016935729204717292,491.53213539764135,378.8423141983753
Random search,4,131,132,3.2968910065861117,0.38297655441219863,0.016935729204717292,491.53213539764135,378.8423141983753
Random search,4,132,133,3.2968910065861117,0.38297655441219863,0.016935729204717292,491.53213539764135,378.8423141983753
Random search,4,133,134,3.2968910065861117,0.38297655441219863,0.016935729204717292,491.53213539764135,378.8423141983753
Random search,4,134,135,3.2968910065861117,0.38297655441219863,0.016935729204717292,491.53213539764135,378.8423141983753
Random search,4,135,136,3.2968910065861117,0.38297655441219863,0.016935729204717292,491.53213539764135,378.8423141983753
Random search,4,136,137,3.2968910065861117,0.38297655441219863,0.016935729204717292,491.53213539764135,378.8423141983753
Random search,4,137,138,3.2968910065861117,0.38297655441219863,0.016935729204717292,491.53213539764135,378.8423141983753
Random search,4,138,139,3.2968910065861117,0.38297655441219863,0.016935729204717292,491.53213539764135,378.8423141983753
Random search,4,139,140,3.2968910065861117,0.38297655441219863,0.016935729204717292,491.53213539764135,378.8423141983753
Random search,4,140,141,3.2968910065861117,0.38297655441219863,0.016935729204717292,491.53213539764135,378.8423141983753
Random search,4,141,142,3.2968910065861117,0.38297655441219863,0.016935729204717292,491.53213539764135,378.8423141983753
Random search,4,142,143,3.2968910065861117,0.38297655441219863,0.016935729204717292,491.53213539764135,378.8423141983753
Random search,4,143,144,3.2968910065861117,0.38297655441219863,0.016935729204717292,491.53213539764135,378.8423141983753
Random search,4,144,145,3.2968910065861117,0.38297655441219863,0.016935729204717292,491.53213539764135,378.8423141983753
Random search,4,145,146,3.2968910065861117,0.38297655441219863,0.016935729204717292,491.53213539764135,378.8423141983753
Random search,4,146,147,3.2968910065861117,0.38297655441219863,0.016935729204717292,491.53213539764135,378.8423141983753
Random search,4,147,148,3.2968910065861117,0.38297655441219863,0.016935729204717292,491.53213539764135,378.8423141983753
Random search,4,148,149,3.2968910065861117,0.38297655441219863,0.016935729204717292,491.53213539764135,378.8423141983753
Random search,4,149,150,3.2968910065861117,0.38297655441219863,0.016935729204717292,491.53213539764135,378.8423141983753
Random search,4,150,151,3.2968910065861117,0.38297655441219863,0.016935729204717292,491.53213539764135,378.8423141983753
Random search,4,151,152,3.2968910065861117,0.38297655441219863,0.016935729204717292,491.53213539764135,378.8423141983753
Random search,4,152,153,3.2968910065861117,0.38297655441219863,0.016935729204717292,491.53213539764135,378.8423141983753
Random search,4,153,154,3.2968910065861117,0.38297655441219863,0.016935729204717292,491.53213539764135,378.8423141983753
Random search,4,154,155,3.2968910065861117,0.38297655441219863,0.016935729204717292,491.53213539764135,378.8423141983753
Random search,4,155,156,3.2968910065861117,0.38297655441219863,0.016935729204717292,491.53213539764135,378.8423141983753
Random search,4,156,157,3.2968910065861117,0.38297655441219863,0.016935729204717292,491.53213539764135,378.8423141983753
Random search,4,157,158,3.2968910065861117,0.38297655441219863,0.016935729204717292,491.53213539764135,378.8423141983753
Random search,4,158,159,3.2968910065861117,0.38297655441219863,0.016935729204717292,491.53213539764135,378.8423141983753
Random search,4,159,160,3.2968910065861117,0.38297655441219863,0.016935729204717292,491.53213539764135,378.8423141983753
Random search,4,160,161,3.2968910065861117,0.38297655441219863,0.016935729204717292,491.53213539764135,378.8423141983753
Random search,4,161,162,3.2968910065861117,0.38297655441219863,0.016935729204717292,491.53213539764135,378.8423141983753
Random search,4,162,163,3.2968910065861117,0.38297655441219863,0.016935729204717292,491.53213539764135,378.8423141983753
Random search,4,163,164,3.2968910065861117,0.38297655441219863,0.016935729204717292,491.53213539764135,378.8423141983753
Random search,4,164,165,3.2968910065861117,0.38297655441219863,0.016935729204717292,491.53213539764135,378.8423141983753
Random search,4,165,166,3.2968910065861117,0.38297655441219863,0.016935729204717292,491.53213539764135,378.8423141983753
Random search,4,166,167,3.2968910065861117,0.38297655441219863,0.016935729204717292,491.53213539764135,378.8423141983753
Random search,4,167,168,3.2968910065861117,0.38297655441219863,0.016935729204717292,491.53213539764135,378.8423141983753
Random search,4,168,169,3.2968910065861117,0.38297655441219863,0.016935729204717292,491.53213539764135,378.8423141983753
Random search,4,169,170,3.2968910065861117,0.38297655441219863,0.016935729204717292,491.53213539764135,378.8423141983753
Random search,4,170,171,3.2968910065861117,0.38297655441219863,0.016935729204717292,491.53213539764135,378.8423141983753
Random search,4,171,172,3.2968910065861117,0.38297655441219863,0.016935729204717292,491.53213539764135,378.8423141983753
Random search,4,172,173,3.2968910065861117,0.38297655441219863,0.016935729204717292,491.53213539764135,378.8423141983753
Random search,4,173,174,3.2968910065861117,0.38297655441219863,0.016935729204717292,491.53213539764135,378.8423141983753
Random search,4,174,175,3.2968910065861117,0.38297655441219863,0.016935729204717292,491.53213539764135,378.8423141983753
Random search,4,175,176,3.2968910065861117,0.38297655441219863,0.016935729204717292,491.53213539764135,378.8423141983753
Random search,4,176,177,3.2968910065861117,0.38297655441219863,0.016935729204717292,491.53213539764135,378.8423141983753
Random search,4,177,178,3.2968910065861117,0.38297655441219863,0.016935729204717292,491.53213539764135,378.8423141983753
Random search,4,178,179,3.2968910065861117,0.38297655441219863,0.016935729204717292,491.53213539764135,378.8423141983753
Random search,4,179,180,3.2968910065861117,0.38297655441219863,0.016935729204717292,491.53213539764135,378.8423141983753
Random search,4,180,181,3.2968910065861117,0.38297655441219863,0.016935729204717292,491.53213539764135,378.8423141983753
Random search,4,181,182,3.2968910065861117,0.38297655441219863,0.016935729204717292,491.53213539764135,378.8423141983753
Random search,4,182,183,3.2968910065861117,0.38297655441219863,0.016935729204717292,491.53213539764135,378.8423141983753
Random search,4,183,184,3.2968910065861117,0.38297655441219863,0.016935729204717292,491.53213539764135,378.8423141983753
Random search,4,184,185,3.2968910065861117,0.38297655441219863,0.016935729204717292,491.53213539764135,378.8423141983753
Random search,4,185,186,3.2968910065861117,0.38297655441219863,0.016935729204717292,491.53213539764135,378.8423141983753
Random search,4,186,187,3.2968910065861117,0.38297655441219863,0.016935729204717292,491.53213539764135,378.8423141983753
Random search,4,187,188,3.2968910065861117,0.38297655441219863,0.016935729204717292,491.53213539764135,378.8423141983753
Random search,4,188,189,3.2968910065861117,0.38297655441219863,0.016935729204717292,491.53213539764135,378.8423141983753
Random search,4,189,190,3.2968910065861117,0.38297655441219863,0.016935729204717292,491.53213539764135,378.8423141983753
Random search,4,190,191,3.2968910065861117,0.38297655441219863,0.016935729204717292,491.53213539764135,378.8423141983753
Random search,4,191,192,3.2968910065861117,0.38297655441219863,0.016935729204717292,491.53213539764135,378.8423141983753
Random search,4,192,193,3.2968910065861117,0.38297655441219863,0.016935729204717292,491.53213539764135,378.8423141983753
Random search,4,193,194,3.2968910065861117,0.38297655441219863,0.016935729204717292,491.53213539764135,378.8423141983753
Random search,4,194,195,3.2968910065861117,0.38297655441219863,0.016935729204717292,491.53213539764135,378.8423141983753
Random search,4,195,196,3.2968910065861117,0.38297655441219863,0.016935729204717292,491.53213539764135,378.8423141983753
Random search,4,196,197,3.2968910065861117,0.38297655441219863,0.016935729204717292,491.53213539764135,378.8423141983753
Random search,4,197,198,3.2968910065861117,0.38297655441219863,0.016935729204717292,491.53213539764135,378.8423141983753
Random search,4,198,199,3.2968910065861117,0.38297655441219863,0.016935729204717292,491.53213539764135,378.8423141983753
Random search,4,199,200,3.2968910065861117,0.38297655441219863,0.016935729204717292,491.53213539764135,378.8423141983753
Random search,4,200,201,3.2968910065861117,0.38297655441219863,0.016935729204717292,491.53213539764135,378.8423141983753
Random search,4,201,202,3.2968910065861117,0.38297655441219863,0.016935729204717292,491.53213539764135,378.8423141983753
Random search,4,202,203,3.2968910065861117,0.38297655441219863,0.016935729204717292,491.53213539764135,378.8423141983753
Random search,4,203,204,3.2968910065861117,0.38297655441219863,0.016935729204717292,491.53213539764135,378.8423141983753
Random search,4,204,205,3.2968910065861117,0.38297655441219863,0.016935729204717292,491.53213539764135,378.8423141983753
Random search,4,205,206,3.2968910065861117,0.38297655441219863,0.016935729204717292,491.53213539764135,378.8423141983753
Random search,4,206,207,3.2968910065861117,0.38297655441219863,0.016935729204717292,491.53213539764135,378.8423141983753
Random search,4,207,208,3.2968910065861117,0.38297655441219863,0.016935729204717292,491.53213539764135,378.8423141983753
Random search,4,208,209,3.4288258419734685,0.3554678452518319,0.0,515.3033089099199,394.4129150883388
Random search,4,209,210,3.4288258419734685,0.3554678452518319,0.0,515.3033089099199,394.4129150883388
Random search,4,210,211,3.4288258419734685,0.3554678452518319,0.0,515.3033089099199,394.4129150883388
Random search,4,211,212,3.4288258419734685,0.3554678452518319,0.0,515.3033089099199,394.4129150883388
Random search,4,212,213,3.4288258419734685,0.3554678452518319,0.0,515.3033089099199,394.4129150883388
Random search,4,213,214,3.4288258419734685,0.3554678452518319,0.0,515.3033089099199,394.4129150883388
Random search,4,214,215,3.4288258419734685,0.3554678452518319,0.0,515.3033089099199,394.4129150883388
Random search,4,215,216,3.4288258419734685,0.3554678452518319,0.0,515.3033089099199,394.4129150883388
Random search,4,216,217,3.4288258419734685,0.3554678452518319,0.0,515.3033089099199,394.4129150883388
Random search,4,217,218,3.4288258419734685,0.3554678452518319,0.0,515.3033089099199,394.4129150883388
Random search,4,218,219,3.4288258419734685,0.3554678452518319,0.0,515.3033089099199,394.4129150883388
Random search,4,219,220,3.4288258419734685,0.3554678452518319,0.0,515.3033089099199,394.4129150883388
Random search,4,220,221,3.4288258419734685,0.3554678452518319,0.0,515.3033089099199,394.4129150883388
Random search,4,221,222,3.4288258419734685,0.3554678452518319,0.0,515.3033089099199,394.4129150883388
Random search,4,222,223,3.4288258419734685,0.3554678452518319,0.0,515.3033089099199,394.4129150883388
Random search,4,223,224,3.4288258419734685,0.3554678452518319,0.0,515.3033089099199,394.4129150883388
Random search,4,224,225,3.4288258419734685,0.3554678452518319,0.0,515.3033089099199,394.4129150883388
Random search,4,225,226,3.4288258419734685,0.3554678452518319,0.0,515.3033089099199,394.4129150883388
Random search,4,226,227,3.4288258419734685,0.3554678452518319,0.0,515.3033089099199,394.4129150883388
Random search,4,227,228,3.4288258419734685,0.3554678452518319,0.0,515.3033089099199,394.4129150883388
Random search,4,228,229,3.4288258419734685,0.3554678452518319,0.0,515.3033089099199,394.4129150883388
Random search,4,229,230,3.4288258419734685,0.3554678452518319,0.0,515.3033089099199,394.4129150883388
Random search,4,230,231,3.4288258419734685,0.3554678452518319,0.0,515.3033089099199,394.4129150883388
Random search,4,231,232,3.4288258419734685,0.3554678452518319,0.0,515.3033089099199,394.4129150883388
Random search,4,232,233,3.4288258419734685,0.3554678452518319,0.0,515.3033089099199,394.4129150883388
Random search,4,233,234,3.4288258419734685,0.3554678452518319,0.0,515.3033089099199,394.4129150883388
Random search,4,234,235,3.4288258419734685,0.3554678452518319,0.0,515.3033089099199,394.4129150883388
Random search,4,235,236,3.4288258419734685,0.3554678452518319,0.0,515.3033089099199,394.4129150883388
Random search,4,236,237,3.4288258419734685,0.3554678452518319,0.0,515.3033089099199,394.4129150883388
Random search,4,237,238,3.4288258419734685,0.3554678452518319,0.0,515.3033089099199,394.4129150883388
Random search,4,238,239,3.4288258419734685,0.3554678452518319,0.0,515.3033089099199,394.4129150883388
Random search,4,239,240,3.4288258419734685,0.3554678452518319,0.0,515.3033089099199,394.4129150883388
Random search,4,240,241,3.4288258419734685,0.3554678452518319,0.0,515.3033089099199,394.4129150883388
Random search,4,241,242,3.4288258419734685,0.3554678452518319,0.0,515.3033089099199,394.4129150883388
Random search,4,242,243,3.4288258419734685,0.3554678452518319,0.0,515.3033089099199,394.4129150883388
Random search,4,243,244,3.4288258419734685,0.3554678452518319,0.0,515.3033089099199,394.4129150883388
Random search,4,244,245,3.4288258419734685,0.3554678452518319,0.0,515.3033089099199,394.4129150883388
Random search,4,245,246,3.4288258419734685,0.3554678452518319,0.0,515.3033089099199,394.4129150883388
Random search,4,246,247,3.4288258419734685,0.3554678452518319,0.0,515.3033089099199,394.4129150883388
Random search,4,247,248,3.4288258419734685,0.3554678452518319,0.0,515.3033089099199,394.4129150883388
Random search,4,248,249,3.4288258419734685,0.3554678452518319,0.0,515.3033089099199,394.4129150883388
Random search,4,249,250,3.2517830936368957,0.29357901549645954,0.039724411259567084,541.8378309067848,379.36209245436805
Random search,4,250,251,3.2517830936368957,0.29357901549645954,0.039724411259567084,541.8378309067848,379.36209245436805
Random search,4,251,252,3.2517830936368957,0.29357901549645954,0.039724411259567084,541.8378309067848,379.36209245436805
Random search,4,252,253,3.2517830936368957,0.29357901549645954,0.039724411259567084,541.8378309067848,379.36209245436805
Random search,4,253,254,3.2517830936368957,0.29357901549645954,0.039724411259567084,541.8378309067848,379.36209245436805
Random search,4,254,255,3.2517830936368957,0.29357901549645954,0.039724411259567084,541.8378309067848,379.36209245436805
Random search,4,255,256,3.2517830936368957,0.29357901549645954,0.039724411259567084,541.8378309067848,379.36209245436805
Random search,4,256,257,3.2517830936368957,0.29357901549645954,0.039724411259567084,541.8378309067848,379.36209245436805
Random search,4,257,258,3.2517830936368957,0.29357901549645954,0.039724411259567084,541.8378309067848,379.36209245436805
Random search,4,258,259,3.2517830936368957,0.29357901549645954,0.039724411259567084,541.8378309067848,379.36209245436805
Random search,4,259,260,3.2517830936368957,0.29357901549645954,0.039724411259567084,541.8378309067848,379.36209245436805
Random search,4,260,261,3.2517830936368957,0.29357901549645954,0.039724411259567084,541.8378309067848,379.36209245436805
Random search,4,261,262,3.2517830936368957,0.29357901549645954,0.039724411259567084,541.8378309067848,379.36209245436805
Random search,4,262,263,3.2517830936368957,0.29357901549645954,0.039724411259567084,541.8378309067848,379.36209245436805
Random search,4,263,264,3.2517830936368957,0.29357901549645954,0.039724411259567084,541.8378309067848,379.36209245436805
Random search,4,264,265,3.2517830936368957,0.29357901549645954,0.039724411259567084,541.8378309067848,379.36209245436805
Random search,4,265,266,3.2517830936368957,0.29357901549645954,0.039724411259567084,541.8378309067848,379.36209245436805
Random search,4,266,267,3.556402103808247,0.2658604501466892,0.0,501.40243033557584,405.7804534143823
Random search,4,267,268,3.556402103808247,0.2658604501466892,0.0,501.40243033557584,405.7804534143823
Random search,4,268,269,3.556402103808247,0.2658604501466892,0.0,501.40243033557584,405.7804534143823
Random search,4,269,270,3.556402103808247,0.2658604501466892,0.0,501.40243033557584,405.7804534143823
Random search,4,270,271,3.556402103808247,0.2658604501466892,0.0,501.40243033557584,405.7804534143823
Random search,4,271,272,3.556402103808247,0.2658604501466892,0.0,501.40243033557584,405.7804534143823
Random search,4,272,273,3.556402103808247,0.2658604501466892,0.0,501.40243033557584,405.7804534143823
Random search,4,273,274,3.556402103808247,0.2658604501466892,0.0,501.40243033557584,405.7804534143823
Random search,4,274,275,3.556402103808247,0.2658604501466892,0.0,501.40243033557584,405.7804534143823
Random search,4,275,276,3.556402103808247,0.2658604501466892,0.0,501.40243033557584,405.7804534143823
Random search,4,276,277,3.556402103808247,0.2658604501466892,0.0,501.40243033557584,405.7804534143823
Random search,4,277,278,3.556402103808247,0.2658604501466892,0.0,501.40243033557584,405.7804534143823
Random search,4,278,279,3.556402103808247,0.2658604501466892,0.0,501.40243033557584,405.7804534143823
Random search,4,279,280,3.556402103808247,0.2658604501466892,0.0,501.40243033557584,405.7804534143823
Random search,4,280,281,3.556402103808247,0.2658604501466892,0.0,501.40243033557584,405.7804534143823
Random search,4,281,282,3.556402103808247,0.2658604501466892,0.0,501.40243033557584,405.7804534143823
Random search,4,282,283,3.556402103808247,0.2658604501466892,0.0,501.40243033557584,405.7804534143823
Random search,4,283,284,3.556402103808247,0.2658604501466892,0.0,501.40243033557584,405.7804534143823
Random search,4,284,285,3.556402103808247,0.2658604501466892,0.0,501.40243033557584,405.7804534143823
Random search,4,285,286,3.556402103808247,0.2658604501466892,0.0,501.40243033557584,405.7804534143823
Random search,4,286,287,3.556402103808247,0.2658604501466892,0.0,501.40243033557584,405.7804534143823
Random search,4,287,288,3.556402103808247,0.2658604501466892,0.0,501.40243033557584,405.7804534143823
Random search,4,288,289,3.556402103808247,0.2658604501466892,0.0,501.40243033557584,405.7804534143823
Random search,4,289,290,3.556402103808247,0.2658604501466892,0.0,501.40243033557584,405.7804534143823
Random search,4,290,291,3.556402103808247,0.2658604501466892,0.0,501.40243033557584,405.7804534143823
Random search,4,291,292,3.556402103808247,0.2658604501466892,0.0,501.40243033557584,405.7804534143823
Random search,4,292,293,3.556402103808247,0.2658604501466892,0.0,501.40243033557584,405.7804534143823
Random search,4,293,294,3.556402103808247,0.2658604501466892,0.0,501.40243033557584,405.7804534143823
Random search,4,294,295,3.556402103808247,0.2658604501466892,0.0,501.40243033557584,405.7804534143823
Random search,4,295,296,3.556402103808247,0.2658604501466892,0.0,501.40243033557584,405.7804534143823
Random search,4,296,297,3.556402103808247,0.2658604501466892,0.0,501.40243033557584,405.7804534143823
Random search,4,297,298,3.556402103808247,0.2658604501466892,0.0,501.40243033557584,405.7804534143823
Random search,4,298,299,3.556402103808247,0.2658604501466892,0.0,501.40243033557584,405.7804534143823
Random search,4,299,300,3.556402103808247,0.2658604501466892,0.0,501.40243033557584,405.7804534143823
Random search,4,300,301,3.556402103808247,0.2658604501466892,0.0,501.40243033557584,405.7804534143823
Random search,4,301,302,3.556402103808247,0.2658604501466892,0.0,501.40243033557584,405.7804534143823
Random search,4,302,303,3.556402103808247,0.2658604501466892,0.0,501.40243033557584,405.7804534143823
Random search,4,303,304,3.556402103808247,0.2658604501466892,0.0,501.40243033557584,405.7804534143823
Random search,4,304,305,3.556402103808247,0.2658604501466892,0.0,501.40243033557584,405.7804534143823
Random search,4,305,306,3.556402103808247,0.2658604501466892,0.0,501.40243033557584,405.7804534143823
Random search,4,306,307,3.556402103808247,0.2658604501466892,0.0,501.40243033557584,405.7804534143823
Random search,4,307,308,3.556402103808247,0.2658604501466892,0.0,501.40243033557584,405.7804534143823
Random search,4,308,309,3.556402103808247,0.2658604501466892,0.0,501.40243033557584,405.7804534143823
Random search,4,309,310,3.556402103808247,0.2658604501466892,0.0,501.40243033557584,405.7804534143823
Random search,4,310,311,3.556402103808247,0.2658604501466892,0.0,501.40243033557584,405.7804534143823
Random search,4,311,312,3.556402103808247,0.2658604501466892,0.0,501.40243033557584,405.7804534143823
Random search,4,312,313,3.556402103808247,0.2658604501466892,0.0,501.40243033557584,405.7804534143823
Random search,4,313,314,3.556402103808247,0.2658604501466892,0.0,501.40243033557584,405.7804534143823
Random search,4,314,315,3.556402103808247,0.2658604501466892,0.0,501.40243033557584,405.7804534143823
Random search,4,315,316,3.556402103808247,0.2658604501466892,0.0,501.40243033557584,405.7804534143823
Random search,4,316,317,3.556402103808247,0.2658604501466892,0.0,501.40243033557584,405.7804534143823
Random search,4,317,318,3.556402103808247,0.2658604501466892,0.0,501.40243033557584,405.7804534143823
Random search,4,318,319,3.556402103808247,0.2658604501466892,0.0,501.40243033557584,405.7804534143823
Random search,4,319,320,3.556402103808247,0.2658604501466892,0.0,501.40243033557584,405.7804534143823
Random search,4,320,321,3.556402103808247,0.2658604501466892,0.0,501.40243033557584,405.7804534143823
Random search,4,321,322,3.447209059991676,0.2594041286933167,0.006537441675141734,531.5070140931567,397.87160740848327
Random search,4,322,323,3.447209059991676,0.2594041286933167,0.006537441675141734,531.5070140931567,397.87160740848327
Random search,4,323,324,3.447209059991676,0.2594041286933167,0.006537441675141734,531.5070140931567,397.87160740848327
Random search,4,324,325,3.447209059991676,0.2594041286933167,0.006537441675141734,531.5070140931567,397.87160740848327
Random search,4,325,326,3.447209059991676,0.2594041286933167,0.006537441675141734,531.5070140931567,397.87160740848327
Random search,4,326,327,3.447209059991676,0.2594041286933167,0.006537441675141734,531.5070140931567,397.87160740848327
Random search,4,327,328,3.447209059991676,0.2594041286933167,0.006537441675141734,531.5070140931567,397.87160740848327
Random search,4,328,329,3.447209059991676,0.2594041286933167,0.006537441675141734,531.5070140931567,397.87160740848327
Random search,4,329,330,3.447209059991676,0.2594041286933167,0.006537441675141734,531.5070140931567,397.87160740848327
Random search,4,330,331,3.447209059991676,0.2594041286933167,0.006537441675141734,531.5070140931567,397.87160740848327
Random search,4,331,332,3.447209059991676,0.2594041286933167,0.006537441675141734,531.5070140931567,397.87160740848327
Random search,4,332,333,3.447209059991676,0.2594041286933167,0.006537441675141734,531.5070140931567,397.87160740848327
Random search,4,333,334,3.447209059991676,0.2594041286933167,0.006537441675141734,531.5070140931567,397.87160740848327
Random search,4,334,335,3.447209059991676,0.2594041286933167,0.006537441675141734,531.5070140931567,397.87160740848327
Random search,4,335,336,3.447209059991676,0.2594041286933167,0.006537441675141734,531.5070140931567,397.87160740848327
Random search,4,336,337,3.447209059991676,0.2594041286933167,0.006537441675141734,531.5070140931567,397.87160740848327
Random search,4,337,338,3.447209059991676,0.2594041286933167,0.006537441675141734,531.5070140931567,397.87160740848327
Random search,4,338,339,3.447209059991676,0.2594041286933167,0.006537441675141734,531.5070140931567,397.87160740848327
Random search,4,339,340,3.447209059991676,0.2594041286933167,0.006537441675141734,531.5070140931567,397.87160740848327
Random search,4,340,341,3.447209059991676,0.2594041286933167,0.006537441675141734,531.5070140931567,397.87160740848327
Random search,4,341,342,3.447209059991676,0.2594041286933167,0.006537441675141734,531.5070140931567,397.87160740848327
Random search,4,342,343,3.447209059991676,0.2594041286933167,0.006537441675141734,531.5070140931567,397.87160740848327
Random search,4,343,344,3.447209059991676,0.2594041286933167,0.006537441675141734,531.5070140931567,397.87160740848327
Random search,4,344,345,3.447209059991676,0.2594041286933167,0.006537441675141734,531.5070140931567,397.87160740848327
Random search,4,345,346,3.447209059991676,0.2594041286933167,0.006537441675141734,531.5070140931567,397.87160740848327
Random search,4,346,347,3.447209059991676,0.2594041286933167,0.006537441675141734,531.5070140931567,397.87160740848327
Random search,4,347,348,3.447209059991676,0.2594041286933167,0.006537441675141734,531.5070140931567,397.87160740848327
Random search,4,348,349,3.447209059991676,0.2594041286933167,0.006537441675141734,531.5070140931567,397.87160740848327
Random search,4,349,350,3.447209059991676,0.2594041286933167,0.006537441675141734,531.5070140931567,397.87160740848327
Random search,4,350,351,3.447209059991676,0.2594041286933167,0.006537441675141734,531.5070140931567,397.87160740848327
Random search,4,351,352,3.447209059991676,0.2594041286933167,0.006537441675141734,531.5070140931567,397.87160740848327
Random search,4,352,353,3.447209059991676,0.2594041286933167,0.006537441675141734,531.5070140931567,397.87160740848327
Random search,4,353,354,3.447209059991676,0.2594041286933167,0.006537441675141734,531.5070140931567,397.87160740848327
Random search,4,354,355,3.447209059991676,0.2594041286933167,0.006537441675141734,531.5070140931567,397.87160740848327
Random search,4,355,356,3.447209059991676,0.2594041286933167,0.006537441675141734,531.5070140931567,397.87160740848327
Random search,4,356,357,3.447209059991676,0.2594041286933167,0.006537441675141734,531.5070140931567,397.87160740848327
Random search,4,357,358,3.447209059991676,0.2594041286933167,0.006537441675141734,531.5070140931567,397.87160740848327
Random search,4,358,359,3.447209059991676,0.2594041286933167,0.006537441675141734,531.5070140931567,397.87160740848327
Random search,4,359,360,3.447209059991676,0.2594041286933167,0.006537441675141734,531.5070140931567,397.87160740848327
Random search,4,360,361,3.447209059991676,0.2594041286933167,0.006537441675141734,531.5070140931567,397.87160740848327
Random search,4,361,362,3.447209059991676,0.2594041286933167,0.006537441675141734,531.5070140931567,397.87160740848327
Random search,4,362,363,3.447209059991676,0.2594041286933167,0.006537441675141734,531.5070140931567,397.87160740848327
Random search,4,363,364,3.447209059991676,0.2594041286933167,0.006537441675141734,531.5070140931567,397.87160740848327
Random search,4,364,365,3.447209059991676,0.2594041286933167,0.006537441675141734,531.5070140931567,397.87160740848327
Random search,4,365,366,3.447209059991676,0.2594041286933167,0.006537441675141734,531.5070140931567,397.87160740848327
Random search,4,366,367,3.447209059991676,0.2594041286933167,0.006537441675141734,531.5070140931567,397.87160740848327
Random search,4,367,368,3.447209059991676,0.2594041286933167,0.006537441675141734,531.5070140931567,397.87160740848327
Random search,4,368,369,3.447209059991676,0.2594041286933167,0.006537441675141734,531.5070140931567,397.87160740848327
Random search,4,369,370,3.447209059991676,0.2594041286933167,0.006537441675141734,531.5070140931567,397.87160740848327
Random search,4,370,371,3.447209059991676,0.2594041286933167,0.006537441675141734,531.5070140931567,397.87160740848327
Random search,4,371,372,3.447209059991676,0.2594041286933167,0.006537441675141734,531.5070140931567,397.87160740848327
Random search,4,372,373,3.447209059991676,0.2594041286933167,0.006537441675141734,531.5070140931567,397.87160740848327
Random search,4,373,374,3.447209059991676,0.2594041286933167,0.006537441675141734,531.5070140931567,397.87160740848327
Random search,4,374,375,3.447209059991676,0.2594041286933167,0.006537441675141734,531.5070140931567,397.87160740848327
Random search,4,375,376,3.447209059991676,0.2594041286933167,0.006537441675141734,531.5070140931567,397.87160740848327
Random search,4,376,377,3.447209059991676,0.2594041286933167,0.006537441675141734,531.5070140931567,397.87160740848327
Random search,4,377,378,3.447209059991676,0.2594041286933167,0.006537441675141734,531.5070140931567,397.87160740848327
Random search,4,378,379,3.447209059991676,0.2594041286933167,0.006537441675141734,531.5070140931567,397.87160740848327
Random search,4,379,380,3.447209059991676,0.2594041286933167,0.006537441675141734,531.5070140931567,397.87160740848327
Random search,4,380,381,3.447209059991676,0.2594041286933167,0.006537441675141734,531.5070140931567,397.87160740848327
Random search,4,381,382,3.447209059991676,0.2594041286933167,0.006537441675141734,531.5070140931567,397.87160740848327
Random search,4,382,383,3.447209059991676,0.2594041286933167,0.006537441675141734,531.5070140931567,397.87160740848327
Random search,4,383,384,3.447209059991676,0.2594041286933167,0.006537441675141734,531.5070140931567,397.87160740848327
Random search,4,384,385,3.447209059991676,0.2594041286933167,0.006537441675141734,531.5070140931567,397.87160740848327
Random search,4,385,386,3.447209059991676,0.2594041286933167,0.006537441675141734,531.5070140931567,397.87160740848327
Random search,4,386,387,3.447209059991676,0.2594041286933167,0.006537441675141734,531.5070140931567,397.87160740848327
Random search,4,387,388,3.447209059991676,0.2594041286933167,0.006537441675141734,531.5070140931567,397.87160740848327
Random search,4,388,389,3.526780992737502,0.2012444193888688,0.041923885408973995,513.8470065631572,404.0627999300659
Random search,4,389,390,3.526780992737502,0.2012444193888688,0.041923885408973995,513.8470065631572,404.0627999300659
Random search,4,390,391,3.526780992737502,0.2012444193888688,0.041923885408973995,513.8470065631572,404.0627999300659
Random search,4,391,392,3.297190706187539,0.19957735608410054,0.04577701666813416,539.3871766850632,383.65778828726025
Random search,4,392,393,3.297190706187539,0.19957735608410054,0.04577701666813416,539.3871766850632,383.65778828726025
Random search,4,393,394,3.297190706187539,0.19957735608410054,0.04577701666813416,539.3871766850632,383.65778828726025
Random search,4,394,395,3.297190706187539,0.19957735608410054,0.04577701666813416,539.3871766850632,383.65778828726025
Random search,4,395,396,3.297190706187539,0.19957735608410054,0.04577701666813416,539.3871766850632,383.65778828726025
Random search,4,396,397,3.297190706187539,0.19957735608410054,0.04577701666813416,539.3871766850632,383.65778828726025
Random search,4,397,398,3.297190706187539,0.19957735608410054,0.04577701666813416,539.3871766850632,383.65778828726025
Random search,4,398,399,3.297190706187539,0.19957735608410054,0.04577701666813416,539.3871766850632,383.65778828726025
Random search,4,399,400,3.297190706187539,0.19957735608410054,0.04577701666813416,539.3871766850632,383.65778828726025
Random search,4,400,401,3.297190706187539,0.19957735608410054,0.04577701666813416,539.3871766850632,383.65778828726025
Random search,4,401,402,3.297190706187539,0.19957735608410054,0.04577701666813416,539.3871766850632,383.65778828726025
Random search,4,402,403,3.297190706187539,0.19957735608410054,0.04577701666813416,539.3871766850632,383.65778828726025
Random search,4,403,404,3.297190706187539,0.19957735608410054,0.04577701666813416,539.3871766850632,383.65778828726025
Random search,4,404,405,3.297190706187539,0.19957735608410054,0.04577701666813416,539.3871766850632,383.65778828726025
Random search,4,405,406,3.297190706187539,0.19957735608410054,0.04577701666813416,539.3871766850632,383.65778828726025
Random search,4,406,407,3.297190706187539,0.19957735608410054,0.04577701666813416,539.3871766850632,383.65778828726025
Random search,4,407,408,3.297190706187539,0.19957735608410054,0.04577701666813416,539.3871766850632,383.65778828726025
Random search,4,408,409,3.297190706187539,0.19957735608410054,0.04577701666813416,539.3871766850632,383.65778828726025
Random search,4,409,410,3.297190706187539,0.19957735608410054,0.04577701666813416,539.3871766850632,383.65778828726025
Random search,4,410,411,3.297190706187539,0.19957735608410054,0.04577701666813416,539.3871766850632,383.65778828726025
Random search,4,411,412,3.297190706187539,0.19957735608410054,0.04577701666813416,539.3871766850632,383.65778828726025
Random search,4,412,413,3.297190706187539,0.19957735608410054,0.04577701666813416,539.3871766850632,383.65778828726025
Random search,4,413,414,3.297190706187539,0.19957735608410054,0.04577701666813416,539.3871766850632,383.65778828726025
Random search,4,414,415,3.297190706187539,0.19957735608410054,0.04577701666813416,539.3871766850632,383.65778828726025
Random search,4,415,416,3.297190706187539,0.19957735608410054,0.04577701666813416,539.3871766850632,383.65778828726025
Random search,4,416,417,3.297190706187539,0.19957735608410054,0.04577701666813416,539.3871766850632,383.65778828726025
Random search,4,417,418,3.297190706187539,0.19957735608410054,0.04577701666813416,539.3871766850632,383.65778828726025
Random search,4,418,419,3.297190706187539,0.19957735608410054,0.04577701666813416,539.3871766850632,383.65778828726025
Random search,4,419,420,3.297190706187539,0.19957735608410054,0.04577701666813416,539.3871766850632,383.65778828726025
Random search,4,420,421,3.297190706187539,0.19957735608410054,0.04577701666813416,539.3871766850632,383.65778828726025
Random search,4,421,422,3.297190706187539,0.19957735608410054,0.04577701666813416,539.3871766850632,383.65778828726025
Random search,4,422,423,3.297190706187539,0.19957735608410054,0.04577701666813416,539.3871766850632,383.65778828726025
Random search,4,423,424,3.297190706187539,0.19957735608410054,0.04577701666813416,539.3871766850632,383.65778828726025
Random search,4,424,425,3.297190706187539,0.19957735608410054,0.04577701666813416,539.3871766850632,383.65778828726025
Random search,4,425,426,3.2531645776412383,0.24081158805125236,0.004916049484410934,545.788837688011,379.89534153292493
Random search,4,426,427,3.2531645776412383,0.24081158805125236,0.004916049484410934,545.788837688011,379.89534153292493
Random search,4,427,428,3.2531645776412383,0.24081158805125236,0.004916049484410934,545.788837688011,379.89534153292493
Random search,4,428,429,3.2531645776412383,0.24081158805125236,0.004916049484410934,545.788837688011,379.89534153292493
Random search,4,429,430,3.2531645776412383,0.24081158805125236,0.004916049484410934,545.788837688011,379.89534153292493
Random search,4,430,431,3.2531645776412383,0.24081158805125236,0.004916049484410934,545.788837688011,379.89534153292493
Random search,4,431,432,3.2531645776412383,0.24081158805125236,0.004916049484410934,545.788837688011,379.89534153292493
Random search,4,432,433,3.2531645776412383,0.24081158805125236,0.004916049484410934,545.788837688011,379.89534153292493
Random search,4,433,434,3.2531645776412383,0.24081158805125236,0.004916049484410934,545.788837688011,379.89534153292493
Random search,4,434,435,3.2531645776412383,0.24081158805125236,0.004916049484410934,545.788837688011,379.89534153292493
Random search,4,435,436,3.2531645776412383,0.24081158805125236,0.004916049484410934,545.788837688011,379.89534153292493
Random search,4,436,437,3.2531645776412383,0.24081158805125236,0.004916049484410934,545.788837688011,379.89534153292493
Random search,4,437,438,3.2531645776412383,0.24081158805125236,0.004916049484410934,545.788837688011,379.89534153292493
Random search,4,438,439,3.2531645776412383,0.24081158805125236,0.004916049484410934,545.788837688011,379.89534153292493
Random search,4,439,440,3.2531645776412383,0.24081158805125236,0.004916049484410934,545.788837688011,379.89534153292493
Random search,4,440,441,3.2531645776412383,0.24081158805125236,0.004916049484410934,545.788837688011,379.89534153292493
Random search,4,441,442,3.2531645776412383,0.24081158805125236,0.004916049484410934,545.788837688011,379.89534153292493
Random search,4,442,443,3.2531645776412383,0.24081158805125236,0.004916049484410934,545.788837688011,379.89534153292493
Random search,4,443,444,3.2531645776412383,0.24081158805125236,0.004916049484410934,545.788837688011,379.89534153292493
Random search,4,444,445,3.2531645776412383,0.24081158805125236,0.004916049484410934,545.788837688011,379.89534153292493
Random search,4,445,446,3.2531645776412383,0.24081158805125236,0.004916049484410934,545.788837688011,379.89534153292493
Random search,4,446,447,3.2531645776412383,0.24081158805125236,0.004916049484410934,545.788837688011,379.89534153292493
Random search,4,447,448,3.2531645776412383,0.24081158805125236,0.004916049484410934,545.788837688011,379.89534153292493
Random search,4,448,449,3.2531645776412383,0.24081158805125236,0.004916049484410934,545.788837688011,379.89534153292493
Random search,4,449,450,3.2531645776412383,0.24081158805125236,0.004916049484410934,545.788837688011,379.89534153292493
Random search,4,450,451,3.2531645776412383,0.24081158805125236,0.004916049484410934,545.788837688011,379.89534153292493
Random search,4,451,452,3.2531645776412383,0.24081158805125236,0.004916049484410934,545.788837688011,379.89534153292493
Random search,4,452,453,3.2531645776412383,0.24081158805125236,0.004916049484410934,545.788837688011,379.89534153292493
Random search,4,453,454,3.2531645776412383,0.24081158805125236,0.004916049484410934,545.788837688011,379.89534153292493
Random search,4,454,455,3.2531645776412383,0.24081158805125236,0.004916049484410934,545.788837688011,379.89534153292493
Random search,4,455,456,3.2531645776412383,0.24081158805125236,0.004916049484410934,545.788837688011,379.89534153292493
Random search,4,456,457,3.2531645776412383,0.24081158805125236,0.004916049484410934,545.788837688011,379.89534153292493
Random search,4,457,458,3.2531645776412383,0.24081158805125236,0.004916049484410934,545.788837688011,379.89534153292493
Random search,4,458,459,3.2531645776412383,0.24081158805125236,0.004916049484410934,545.788837688011,379.89534153292493
Random search,4,459,460,3.2531645776412383,0.24081158805125236,0.004916049484410934,545.788837688011,379.89534153292493
Random search,4,460,461,3.2531645776412383,0.24081158805125236,0.004916049484410934,545.788837688011,379.89534153292493
Random search,4,461,462,3.2531645776412383,0.24081158805125236,0.004916049484410934,545.788837688011,379.89534153292493
Random search,4,462,463,3.2531645776412383,0.24081158805125236,0.004916049484410934,545.788837688011,379.89534153292493
Random search,4,463,464,3.2531645776412383,0.24081158805125236,0.004916049484410934,545.788837688011,379.89534153292493
Random search,4,464,465,3.2531645776412383,0.24081158805125236,0.004916049484410934,545.788837688011,379.89534153292493
Random search,4,465,466,3.2531645776412383,0.24081158805125236,0.004916049484410934,545.788837688011,379.89534153292493
Random search,4,466,467,3.2531645776412383,0.24081158805125236,0.004916049484410934,545.788837688011,379.89534153292493
Random search,4,467,468,3.2531645776412383,0.24081158805125236,0.004916049484410934,545.788837688011,379.89534153292493
Random search,4,468,469,3.2531645776412383,0.24081158805125236,0.004916049484410934,545.788837688011,379.89534153292493
Random search,4,469,470,3.2531645776412383,0.24081158805125236,0.004916049484410934,545.788837688011,379.89534153292493
Random search,4,470,471,3.2531645776412383,0.24081158805125236,0.004916049484410934,545.788837688011,379.89534153292493
Random search,4,471,472,3.2531645776412383,0.24081158805125236,0.004916049484410934,545.788837688011,379.89534153292493
Random search,4,472,473,3.2531645776412383,0.24081158805125236,0.004916049484410934,545.788837688011,379.89534153292493
Random search,4,473,474,3.2531645776412383,0.24081158805125236,0.004916049484410934,545.788837688011,379.89534153292493
Random search,4,474,475,3.2531645776412383,0.24081158805125236,0.004916049484410934,545.788837688011,379.89534153292493
Random search,4,475,476,3.2531645776412383,0.24081158805125236,0.004916049484410934,545.788837688011,379.89534153292493
Random search,4,476,477,3.2531645776412383,0.24081158805125236,0.004916049484410934,545.788837688011,379.89534153292493
Random search,4,477,478,3.1312394138607633,0.24423018364589474,0.0,562.9712847203857,369.4210698581149
Random search,4,478,479,3.1312394138607633,0.24423018364589474,0.0,562.9712847203857,369.4210698581149
Random search,4,479,480,3.1312394138607633,0.24423018364589474,0.0,562.9712847203857,369.4210698581149
Random search,4,480,481,3.1312394138607633,0.24423018364589474,0.0,562.9712847203857,369.4210698581149
Random search,4,481,482,3.1312394138607633,0.24423018364589474,0.0,562.9712847203857,369.4210698581149
Random search,4,482,483,3.1312394138607633,0.24423018364589474,0.0,562.9712847203857,369.4210698581149
Random search,4,483,484,3.1312394138607633,0.24423018364589474,0.0,562.9712847203857,369.4210698581149
Random search,4,484,485,3.1312394138607633,0.24423018364589474,0.0,562.9712847203857,369.4210698581149
Random search,4,485,486,3.1312394138607633,0.24423018364589474,0.0,562.9712847203857,369.4210698581149
Random search,4,486,487,3.1312394138607633,0.24423018364589474,0.0,562.9712847203857,369.4210698581149
Random search,4,487,488,3.1312394138607633,0.24423018364589474,0.0,562.9712847203857,369.4210698581149
Random search,4,488,489,3.1312394138607633,0.24423018364589474,0.0,562.9712847203857,369.4210698581149
Random search,4,489,490,3.1312394138607633,0.24423018364589474,0.0,562.9712847203857,369.4210698581149
Random search,4,490,491,3.1312394138607633,0.24423018364589474,0.0,562.9712847203857,369.4210698581149
Random search,4,491,492,3.1312394138607633,0.24423018364589474,0.0,562.9712847203857,369.4210698581149
Random search,4,492,493,3.1312394138607633,0.24423018364589474,0.0,562.9712847203857,369.4210698581149
Random search,4,493,494,3.1312394138607633,0.24423018364589474,0.0,562.9712847203857,369.4210698581149
Random search,4,494,495,3.1312394138607633,0.24423018364589474,0.0,562.9712847203857,369.4210698581149
Random search,4,495,496,3.1312394138607633,0.24423018364589474,0.0,562.9712847203857,369.4210698581149
Random search,4,496,497,3.1312394138607633,0.24423018364589474,0.0,562.9712847203857,369.4210698581149
Random search,4,497,498,3.1312394138607633,0.24423018364589474,0.0,562.9712847203857,369.4210698581149
Random search,4,498,499,2.896807114115306,0.22942069083921424,0.0016262358386328242,594.4960090107656,349.13031231260715
Random search,4,499,500,2.9719397741841487,0.2189384308226945,0.010884682358271705,586.4643846076123,355.8404158791761
Finite difference,4,0,0,2.3270420803596936,0.304502454114168,0.37575371953878334,593.5520708045849,292.05941511642783
Finite difference,4,1,49,0.815981663355047,1.0085019542673077,0.35232440296208395,1568.3670890400997,238.43487523951467
Finite difference,4,2,96,1.270979040129596,0.4317931981931366,0.0,1397.9597844671496,266.89388245967456
Finite difference,4,3,140,-0.32550089242545566,0.1323666654509355,0.08011267908729336,2118.2848638213372,179.27839713958815
Finite difference,4,4,184,0.19272122600692315,0.013346145376142747,0.010911033974961496,1868.266472897134,206.09876989040572
Finite difference,4,5,228,0.23799243600885908,0.0001494530294298276,0.00010497088756364913,1845.8057305176055,208.37981665264647
Finite difference,4,6,272,0.23853913333603471,1.3491045192235859e-08,9.826926553279981e-09,1845.545857144088,208.40849904801226
Finite difference,4,7,316,0.23853917366585034,6.715104742725314e-13,5.186214376578082e-15,1845.5458372769353,208.40850109427856
Finite difference,4,8,357,0.23853917366585034,6.715104742725314e-13,5.186214376578082e-15,1845.5458372769353,208.40850109427856
Finite difference,4,9,357,0.23853917366585034,6.715104742725314e-13,5.186214376578082e-15,1845.5458372769353,208.40850109427856
Finite difference,4,10,357,0.23853917366585034,6.715104742725314e-13,5.186214376578082e-15,1845.5458372769353,208.40850109427856
Finite difference,4,11,357,0.23853917366585034,6.715104742725314e-13,5.186214376578082e-15,1845.5458372769353,208.40850109427856
Finite difference,4,12,357,0.23853917366585034,6.715104742725314e-13,5.186214376578082e-15,1845.5458372769353,208.40850109427856
Finite difference,4,13,357,0.23853917366585034,6.715104742725314e-13,5.186214376578082e-15,1845.5458372769353,208.40850109427856
Finite difference,4,14,357,0.23853917366585034,6.715104742725314e-13,5.186214376578082e-15,1845.5458372769353,208.40850109427856
Finite difference,4,15,357,0.23853917366585034,6.715104742725314e-13,5.186214376578082e-15,1845.5458372769353,208.40850109427856
Finite difference,4,16,357,0.23853917366585034,6.715104742725314e-13,5.186214376578082e-15,1845.5458372769353,208.40850109427856
Finite difference,4,17,357,0.23853917366585034,6.715104742725314e-13,5.186214376578082e-15,1845.5458372769353,208.40850109427856
Finite difference,4,18,357,0.23853917366585034,6.715104742725314e-13,5.186214376578082e-15,1845.5458372769353,208.40850109427856
Finite difference,4,19,357,0.23853917366585034,6.715104742725314e-13,5.186214376578082e-15,1845.5458372769353,208.40850109427856
Finite difference,4,20,357,0.23853917366585034,6.715104742725314e-13,5.186214376578082e-15,1845.5458372769353,208.40850109427856
Finite difference,4,21,357,0.23853917366585034,6.715104742725314e-13,5.186214376578082e-15,1845.5458372769353,208.40850109427856
Finite difference,4,22,357,0.23853917366585034,6.715104742725314e-13,5.186214376578082e-15,1845.5458372769353,208.40850109427856
Finite difference,4,23,357,0.23853917366585034,6.715104742725314e-13,5.186214376578082e-15,1845.5458372769353,208.40850109427856
Finite difference,4,24,357,0.23853917366585034,6.715104742725314e-13,5.186214376578082e-15,1845.5458372769353,208.40850109427856
Finite difference,4,25,357,0.23853917366585034,6.715104742725314e-13,5.186214376578082e-15,1845.5458372769353,208.40850109427856
Finite difference,4,26,357,0.23853917366585034,6.715104742725314e-13,5.186214376578082e-15,1845.5458372769353,208.40850109427856
Finite difference,4,27,357,0.23853917366585034,6.715104742725314e-13,5.186214376578082e-15,1845.5458372769353,208.40850109427856
Finite difference,4,28,357,0.23853917366585034,6.715104742725314e-13,5.186214376578082e-15,1845.5458372769353,208.40850109427856
Finite difference,4,29,357,0.23853917366585034,6.715104742725314e-13,5.186214376578082e-15,1845.5458372769353,208.40850109427856
Automatic differentiation,4,0,0,2.3270420803596936,0.304502454114168,0.37575371953878334,593.5520708045849,292.05941511642783
Automatic differentiation,4,1,10,0.8159822325390265,1.0085022525886198,0.3523245786994823,1568.3668320040954,238.43490645431217
Automatic differentiation,4,2,18,1.270980469982934,0.43179375375797496,0.0,1397.9593381474906,266.89398081304245
Automatic differentiation,4,3,23,-0.3255002891001182,0.13236685648641644,0.08011296044837064,2118.284326415993,179.27840373158747
Automatic differentiation,4,4,28,0.1927208163283541,0.01334611485567476,0.01091111326853447,1868.266682074357,206.09874984027113
Automatic differentiation,4,5,33,0.23799242896131156,0.00014945536073435482,0.00010497240727954994,1845.8057338660744,208.3798162827386
Automatic differentiation,4,6,38,0.23853913331441726,1.3498953668328549e-08,9.826572810237257e-09,1845.545857154188,208.40849904686053
Automatic differentiation,4,7,43,0.23853917366597174,3.229830515321672e-15,1.0954200509634877e-14,1845.5458372768492,208.4085010942821
Automatic differentiation,4,8,45,0.23853917366597174,3.229830515321672e-15,1.0954200509634877e-14,1845.5458372768492,208.4085010942821
Automatic differentiation,4,9,45,0.23853917366597174,3.229830515321672e-15,1.0954200509634877e-14,1845.5458372768492,208.4085010942821
Automatic differentiation,4,10,45,0.23853917366597174,3.229830515321672e-15,1.0954200509634877e-14,1845.5458372768492,208.4085010942821
Automatic differentiation,4,11,45,0.23853917366597174,3.229830515321672e-15,1.0954200509634877e-14,1845.5458372768492,208.4085010942821
Automatic differentiation,4,12,45,0.23853917366597174,3.229830515321672e-15,1.0954200509634877e-14,1845.5458372768492,208.4085010942821
Automatic differentiation,4,13,45,0.23853917366597174,3.229830515321672e-15,1.0954200509634877e-14,1845.5458372768492,208.4085010942821
Automatic differentiation,4,14,45,0.23853917366597174,3.229830515321672e-15,1.0954200509634877e-14,1845.5458372768492,208.4085010942821
Automatic differentiation,4,15,45,0.23853917366597174,3.229830515321672e-15,1.0954200509634877e-14,1845.5458372768492,208.4085010942821
Automatic differentiation,4,16,45,0.23853917366597174,3.229830515321672e-15,1.0954200509634877e-14,1845.5458372768492,208.4085010942821
Automatic differentiation,4,17,45,0.23853917366597174,3.229830515321672e-15,1.0954200509634877e-14,1845.5458372768492,208.4085010942821
Automatic differentiation,4,18,45,0.23853917366597174,3.229830515321672e-15,1.0954200509634877e-14,1845.5458372768492,208.4085010942821
Automatic differentiation,4,19,45,0.23853917366597174,3.229830515321672e-15,1.0954200509634877e-14,1845.5458372768492,208.4085010942821
Automatic differentiation,4,20,45,0.23853917366597174,3.229830515321672e-15,1.0954200509634877e-14,1845.5458372768492,208.4085010942821
Automatic differentiation,4,21,45,0.23853917366597174,3.229830515321672e-15,1.0954200509634877e-14,1845.5458372768492,208.4085010942821
Automatic differentiation,4,22,45,0.23853917366597174,3.229830515321672e-15,1.0954200509634877e-14,1845.5458372768492,208.4085010942821
Automatic differentiation,4,23,45,0.23853917366597174,3.229830515321672e-15,1.0954200509634877e-14,1845.5458372768492,208.4085010942821
Automatic differentiation,4,24,45,0.23853917366597174,3.229830515321672e-15,1.0954200509634877e-14,1845.5458372768492,208.4085010942821
Automatic differentiation,4,25,45,0.23853917366597174,3.229830515321672e-15,1.0954200509634877e-14,1845.5458372768492,208.4085010942821
Automatic differentiation,4,26,45,0.23853917366597174,3.229830515321672e-15,1.0954200509634877e-14,1845.5458372768492,208.4085010942821
Automatic differentiation,4,27,45,0.23853917366597174,3.229830515321672e-15,1.0954200509634877e-14,1845.5458372768492,208.4085010942821
Automatic differentiation,4,28,45,0.23853917366597174,3.229830515321672e-15,1.0954200509634877e-14,1845.5458372768492,208.4085010942821
Automatic differentiation,4,29,45,0.23853917366597174,3.229830515321672e-15,1.0954200509634877e-14,1845.5458372768492,208.4085010942821
